,Rk,Player,Debut,Age,Yrs,Games,MP,FG,FGA,3P,3PA,FT,FTA,ORB,TRB,AST,STL,BLK,TOV,PF,PTS,FG%,3P%,FT%,MPpg,PTSpg,TRBpg,ASTpg,Team,Year,Year_index,Team_index,FGpg,3Ppg,FTpg,ORBpg,DRBpg,STLpg,BLKpg,TOVpg,PFpg
0,1,Kyle Alexander,"Aug 6, '20, MIA @ MIL",23,1,2,13,1,2,0,0,0,0,2,3,0,0,0,1,1,2,0.5,0.0,0.0,6.5,1.0,1.5,0.0,MIA,2020,41,15,0.5,0.0,0.0,1.0,0.5,0.0,0.0,0.5,0.5
1,2,Nickeil Alexander-Walker,"Oct 22, '19, NOP @ TOR",21,3,158,3064,543,1404,227,690,154,212,59,415,347,110,53,216,248,1467,0.387,0.329,0.726,19.4,9.3,2.6,2.2,NOP,2019,40,18,3.4367088607594938,1.4367088607594938,0.9746835443037974,0.37341772151898733,2.226582278481013,0.6962025316455697,0.33544303797468356,1.3670886075949367,1.5696202531645569
2,3,RJ Barrett,"Oct 23, '19, NYK @ SAS",19,3,198,6632,1246,2981,325,910,652,936,184,1101,568,151,53,414,452,3469,0.418,0.357,0.697,33.5,17.5,5.6,2.9,NYK,2019,40,19,6.292929292929293,1.6414141414141414,3.292929292929293,0.9292929292929293,4.670707070707071,0.7626262626262627,0.2676767676767677,2.090909090909091,2.282828282828283
3,4,Darius Bazley,"Oct 23, '19, OKC @ UTA",19,3,185,4768,672,1656,212,696,285,410,152,1078,237,110,136,257,183,1841,0.406,0.305,0.695,25.8,10.0,5.8,1.3,OKC,2019,40,20,3.6324324324324326,1.145945945945946,1.5405405405405406,0.8216216216216217,4.978378378378379,0.5945945945945946,0.7351351351351352,1.3891891891891892,0.9891891891891892
4,5,Goga Bitadze,"Oct 26, '19, IND @ CLE",20,3,149,1761,284,596,51,201,133,188,164,433,115,40,139,91,266,752,0.477,0.254,0.707,11.8,5.0,2.9,0.8,IND,2019,40,11,1.9060402684563758,0.3422818791946309,0.8926174496644296,1.1006711409395973,1.7993288590604026,0.2684563758389262,0.9328859060402684,0.610738255033557,1.7852348993288591
5,6,Bol Bol,"Aug 1, '20, DEN vs. MIA",20,3,53,328,54,113,14,37,20,30,9,63,18,6,18,27,29,142,0.478,0.378,0.667,6.2,2.7,1.2,0.3,DEN,2020,41,7,1.0188679245283019,0.2641509433962264,0.37735849056603776,0.16981132075471697,1.030188679245283,0.11320754716981132,0.33962264150943394,0.5094339622641509,0.5471698113207547
6,7,Marques Bolden,"Feb 1, '20, CLE vs. GSW",21,2,7,32,1,3,0,0,5,8,3,8,0,3,2,2,1,7,0.333,0.0,0.625,4.6,1.0,1.1,0.0,CLE,2020,41,5,0.14285714285714285,0.0,0.7142857142857143,0.42857142857142855,0.6714285714285715,0.42857142857142855,0.2857142857142857,0.2857142857142857,0.14285714285714285
7,8,Jordan Bone,"Nov 4, '19, DET @ WAS",22,2,24,249,28,74,12,42,0,0,4,28,26,3,0,5,17,68,0.378,0.286,0.0,10.4,2.8,1.2,1.1,DET,2019,40,8,1.1666666666666667,0.5,0.0,0.16666666666666666,1.0333333333333332,0.125,0.0,0.20833333333333334,0.7083333333333334
8,9,Brian Bowen,"Nov 12, '19, IND vs. OKC",21,2,12,46,4,14,0,3,1,1,1,10,0,0,1,1,4,9,0.286,0.0,1.0,3.8,0.8,0.8,0.0,IND,2019,40,11,0.3333333333333333,0.0,0.08333333333333333,0.08333333333333333,0.7166666666666667,0.0,0.08333333333333333,0.08333333333333333,0.3333333333333333
9,10,Ky Bowman,"Oct 24, '19, GSW vs. LAC",22,1,45,1015,134,321,33,107,34,41,24,121,131,44,10,70,102,335,0.417,0.308,0.829,22.6,7.4,2.7,2.9,GSW,2019,40,9,2.977777777777778,0.7333333333333333,0.7555555555555555,0.5333333333333333,2.166666666666667,0.9777777777777777,0.2222222222222222,1.5555555555555556,2.2666666666666666
10,11,Jarrell Brantley,"Oct 25, '19, UTA @ LAL",23,2,37,234,35,80,15,41,3,4,11,47,26,10,7,15,24,88,0.438,0.366,0.75,6.3,2.4,1.3,0.7,UTA,2019,40,28,0.9459459459459459,0.40540540540540543,0.08108108108108109,0.2972972972972973,1.0027027027027027,0.2702702702702703,0.1891891891891892,0.40540540540540543,0.6486486486486487
11,12,Ignas Brazdeikis,"Nov 3, '19, NYK vs. SAC",21,3,64,838,122,293,39,124,35,51,36,122,58,14,7,31,73,318,0.416,0.315,0.686,13.1,5.0,1.9,0.9,NYK,2019,40,19,1.90625,0.609375,0.546875,0.5625,1.3375,0.21875,0.109375,0.484375,1.140625
12,13,Oshae Brissett,"Nov 18, '19, TOR vs. CHO",21,3,107,2218,294,693,119,330,172,239,146,499,97,67,50,71,166,879,0.424,0.361,0.72,20.7,8.2,4.7,0.9,TOR,2019,40,27,2.7476635514018692,1.1121495327102804,1.6074766355140186,1.3644859813084111,3.335514018691589,0.6261682242990654,0.4672897196261682,0.6635514018691588,1.5514018691588785
13,14,Charlie Brown Jr.,"Nov 6, '19, ATL vs. CHI",22,3,41,369,29,101,9,42,23,25,19,53,17,16,8,14,40,90,0.287,0.214,0.92,9.0,2.2,1.3,0.4,ATL,2019,40,0,0.7073170731707317,0.21951219512195122,0.5609756097560976,0.4634146341463415,0.8365853658536586,0.3902439024390244,0.1951219512195122,0.34146341463414637,0.975609756097561
14,15,Moses Brown,"Nov 10, '19, POR vs. ATL",20,3,92,1298,214,386,0,0,124,206,196,532,12,39,64,66,153,552,0.554,0.0,0.602,14.1,6.0,5.8,0.1,POR,2019,40,24,2.3260869565217392,0.0,1.3478260869565217,2.130434782608696,3.669565217391304,0.42391304347826086,0.6956521739130435,0.717391304347826,1.6630434782608696
15,16,Devontae Cacok,"Aug 13, '20, LAL vs. SAC",23,3,36,228,41,66,0,0,9,18,22,79,8,13,11,8,24,91,0.621,0.0,0.5,6.3,2.5,2.2,0.2,LAL,2020,41,13,1.1388888888888888,0.0,0.25,0.6111111111111112,1.588888888888889,0.3611111111111111,0.3055555555555556,0.2222222222222222,0.6666666666666666
16,17,Vlatko Čančar,"Oct 31, '19, DEN @ NOP",22,3,70,502,62,128,17,51,23,31,24,91,34,14,6,26,43,164,0.484,0.333,0.742,7.2,2.3,1.3,0.5,DEN,2019,40,7,0.8857142857142857,0.24285714285714285,0.32857142857142857,0.34285714285714286,0.9571428571428572,0.2,0.08571428571428572,0.37142857142857144,0.6142857142857143
17,18,Zylan Cheatham,"Nov 16, '19, NOP @ MIA",24,2,5,56,6,12,0,3,0,0,3,9,3,1,1,4,10,12,0.5,0.0,0.0,11.2,2.4,1.8,0.6,NOP,2019,40,18,1.2,0.0,0.0,0.6,1.2000000000000002,0.2,0.2,0.8,2.0
18,19,Brandon Clarke,"Oct 23, '19, MEM @ MIA",23,3,181,3961,840,1421,48,163,248,355,324,1015,262,131,167,122,306,1976,0.591,0.294,0.699,21.9,10.9,5.6,1.4,MEM,2019,40,14,4.640883977900552,0.26519337016574585,1.3701657458563536,1.7900552486187846,3.809944751381215,0.7237569060773481,0.9226519337016574,0.6740331491712708,1.6906077348066297
19,20,Nic Claxton,"Nov 8, '19, BRK @ POR",20,3,94,1755,295,457,2,12,96,178,153,474,87,48,99,65,192,688,0.646,0.167,0.539,18.7,7.3,5.0,0.9,BRK,2019,40,2,3.1382978723404253,0.02127659574468085,1.0212765957446808,1.627659574468085,3.372340425531915,0.5106382978723404,1.053191489361702,0.6914893617021277,2.0425531914893615
20,21,Chris Clemons,"Nov 3, '19, HOU @ MIA",22,1,33,291,57,142,37,107,10,11,4,30,27,9,6,19,26,161,0.401,0.346,0.909,8.8,4.9,0.9,0.8,HOU,2019,40,10,1.7272727272727273,1.121212121212121,0.30303030303030304,0.12121212121212122,0.7787878787878788,0.2727272727272727,0.18181818181818182,0.5757575757575758,0.7878787878787878
21,22,Amir Coffey,"Dec 31, '19, LAC @ SAC",22,3,131,2120,279,623,125,329,134,166,40,257,160,53,17,68,137,817,0.448,0.38,0.807,16.2,6.2,2.0,1.2,LAC,2019,40,12,2.1297709923664123,0.9541984732824428,1.0229007633587786,0.3053435114503817,1.6946564885496183,0.40458015267175573,0.1297709923664122,0.5190839694656488,1.0458015267175573
22,23,Tyler Cook,"Oct 26, '19, CLE vs. IND",22,3,65,692,100,153,1,2,45,75,50,162,21,15,6,31,68,246,0.654,0.5,0.6,10.6,3.8,2.5,0.3,CLE,2019,40,5,1.5384615384615385,0.015384615384615385,0.6923076923076923,0.7692307692307693,1.7307692307692308,0.23076923076923078,0.09230769230769231,0.47692307692307695,1.0461538461538462
23,24,Jarrett Culver,"Oct 23, '19, MIN @ BRK",20,3,134,2343,350,872,91,321,99,199,117,364,167,94,52,129,225,890,0.401,0.283,0.497,17.5,6.6,2.7,1.2,MIN,2019,40,17,2.611940298507463,0.6791044776119403,0.7388059701492538,0.8731343283582089,1.8268656716417913,0.7014925373134329,0.3880597014925373,0.9626865671641791,1.6791044776119404
24,25,Terence Davis,"Oct 22, '19, TOR vs. NOP",22,3,163,2819,507,1159,241,658,132,158,81,485,238,108,39,172,291,1387,0.437,0.366,0.835,17.3,8.5,3.0,1.5,TOR,2019,40,27,3.1104294478527605,1.478527607361963,0.8098159509202454,0.49693251533742333,2.5030674846625764,0.6625766871165644,0.2392638036809816,1.0552147239263803,1.7852760736196318
25,26,Luguentz Dort,"Dec 6, '19, OKC vs. MIN",20,3,139,4028,626,1583,273,821,325,408,100,482,203,122,41,189,380,1850,0.395,0.333,0.797,29.0,13.3,3.5,1.5,OKC,2019,40,20,4.503597122302159,1.9640287769784173,2.338129496402878,0.7194244604316546,2.7805755395683454,0.8776978417266187,0.2949640287769784,1.3597122302158273,2.7338129496402876
26,27,Sekou Doumbouya,"Nov 23, '19, DET @ MIL",19,3,96,1639,204,526,55,215,79,114,61,267,66,47,19,81,175,542,0.388,0.256,0.693,17.1,5.6,2.8,0.7,DET,2019,40,8,2.125,0.5729166666666666,0.8229166666666666,0.6354166666666666,2.1645833333333333,0.4895833333333333,0.19791666666666666,0.84375,1.8229166666666667
27,28,Carsen Edwards,"Oct 23, '19, BOS @ PHI",21,3,72,706,98,269,46,155,25,33,11,79,52,21,5,27,63,267,0.364,0.297,0.758,9.8,3.7,1.1,0.7,BOS,2019,40,1,1.3611111111111112,0.6388888888888888,0.3472222222222222,0.1527777777777778,0.9472222222222223,0.2916666666666667,0.06944444444444445,0.375,0.875
28,29,Tacko Fall,"Oct 26, '19, BOS @ NYK",24,3,37,228,37,55,0,0,8,25,24,90,6,2,30,12,32,82,0.673,0.0,0.32,6.2,2.2,2.4,0.2,BOS,2019,40,1,1.0,0.0,0.21621621621621623,0.6486486486486487,1.7513513513513512,0.05405405405405406,0.8108108108108109,0.32432432432432434,0.8648648648648649
29,30,Bruno Fernando,"Oct 24, '19, ATL @ DET",21,3,119,1091,157,298,6,41,59,97,101,331,66,23,31,77,154,379,0.527,0.146,0.608,9.2,3.2,2.8,0.6,ATL,2019,40,0,1.319327731092437,0.05042016806722689,0.4957983193277311,0.8487394957983193,1.9512605042016804,0.19327731092436976,0.2605042016806723,0.6470588235294118,1.2941176470588236
30,31,Michael Frazier,"Jan 9, '20, HOU @ OKC",25,1,13,145,7,29,4,23,9,14,1,10,2,2,0,5,22,27,0.241,0.174,0.643,11.2,2.1,0.8,0.2,HOU,2020,41,10,0.5384615384615384,0.3076923076923077,0.6923076923076923,0.07692307692307693,0.7230769230769232,0.15384615384615385,0.0,0.38461538461538464,1.6923076923076923
31,32,Wenyen Gabriel,"Oct 23, '19, SAC @ PHO",22,3,77,834,99,218,27,80,51,81,80,203,33,25,26,47,139,276,0.454,0.338,0.63,10.8,3.6,2.6,0.4,SAC,2019,40,25,1.2857142857142858,0.35064935064935066,0.6623376623376623,1.0389610389610389,1.5610389610389612,0.3246753246753247,0.33766233766233766,0.6103896103896104,1.8051948051948052
32,33,Daniel Gafford,"Oct 26, '19, CHI vs. TOR",21,3,169,2844,533,770,0,1,211,321,301,744,118,69,230,135,366,1277,0.692,0.0,0.657,16.8,7.6,4.4,0.7,CHI,2019,40,4,3.1538461538461537,0.0,1.2485207100591715,1.7810650887573964,2.618934911242604,0.40828402366863903,1.3609467455621302,0.7988165680473372,2.165680473372781
33,34,Darius Garland,"Oct 23, '19, CLE @ ORL",20,3,181,6044,1184,2674,384,1016,390,445,89,464,1141,197,17,563,317,3142,0.443,0.378,0.876,33.4,17.4,2.6,6.3,CLE,2019,40,5,6.541436464088398,2.1215469613259668,2.154696132596685,0.49171270718232046,2.1082872928176797,1.0883977900552486,0.09392265193370165,3.110497237569061,1.7513812154696133
34,35,Javonte Green,"Oct 25, '19, BOS vs. TOR",26,3,154,2460,292,553,55,164,138,178,141,440,103,119,46,72,220,777,0.528,0.335,0.775,16.0,5.0,2.9,0.7,BOS,2019,40,1,1.896103896103896,0.35714285714285715,0.8961038961038961,0.9155844155844156,1.9844155844155842,0.7727272727272727,0.2987012987012987,0.4675324675324675,1.4285714285714286
35,36,Marko Guduric,"Oct 23, '19, MEM @ MIA",24,1,44,484,62,157,25,83,24,26,14,73,45,12,8,36,34,173,0.395,0.301,0.923,11.0,3.9,1.7,1.0,MEM,2019,40,14,1.4090909090909092,0.5681818181818182,0.5454545454545454,0.3181818181818182,1.3818181818181818,0.2727272727272727,0.18181818181818182,0.8181818181818182,0.7727272727272727
36,37,Kyle Guy,"Jan 10, '20, SAC vs. MIL",22,3,53,431,57,158,27,89,24,32,9,53,50,13,1,24,33,165,0.361,0.303,0.75,8.1,3.1,1.0,0.9,SAC,2020,41,25,1.0754716981132075,0.5094339622641509,0.4528301886792453,0.16981132075471697,0.8301886792452831,0.24528301886792453,0.018867924528301886,0.4528301886792453,0.6226415094339622
37,38,Rui Hachimura,"Oct 23, '19, WAS @ DAL",21,3,147,4184,751,1574,125,347,286,367,152,766,217,104,24,154,278,1913,0.477,0.36,0.779,28.5,13.0,5.2,1.5,WSH,2019,40,29,5.108843537414966,0.8503401360544217,1.945578231292517,1.034013605442177,4.165986394557823,0.7074829931972789,0.16326530612244897,1.0476190476190477,1.8911564625850341
38,39,Devon Hall,"Nov 12, '19, OKC @ IND",24,1,11,81,6,30,4,17,4,8,2,7,13,4,1,5,6,20,0.2,0.235,0.5,7.4,1.8,0.6,1.2,OKC,2019,40,20,0.5454545454545454,0.36363636363636365,0.36363636363636365,0.18181818181818182,0.41818181818181815,0.36363636363636365,0.09090909090909091,0.45454545454545453,0.5454545454545454
39,40,Donta Hall,"Feb 25, '20, DET @ DEN",22,2,22,312,40,57,0,0,32,52,38,100,15,8,16,13,41,112,0.702,0.0,0.615,14.2,5.1,4.5,0.7,DET,2020,41,8,1.8181818181818181,0.0,1.4545454545454546,1.7272727272727273,2.7727272727272725,0.36363636363636365,0.7272727272727273,0.5909090909090909,1.8636363636363635
40,41,Jared Harper,"Oct 23, '19, PHO vs. SAC",22,3,16,67,15,34,5,15,7,8,2,4,15,4,1,5,6,42,0.441,0.333,0.875,4.2,2.6,0.3,0.9,PHO,2019,40,23,0.9375,0.3125,0.4375,0.125,0.175,0.25,0.0625,0.3125,0.375
41,42,Jaxson Hayes,"Oct 28, '19, NOP vs. GSW",19,3,194,3442,594,937,27,75,360,498,304,831,134,84,148,146,417,1575,0.634,0.36,0.723,17.7,8.1,4.3,0.7,NOP,2019,40,18,3.0618556701030926,0.13917525773195877,1.8556701030927836,1.5670103092783505,2.7329896907216495,0.4329896907216495,0.7628865979381443,0.7525773195876289,2.149484536082474
42,43,Dewan Hernandez,"Nov 18, '19, TOR vs. CHO",23,1,6,28,5,14,1,2,3,5,5,14,3,1,0,3,6,14,0.357,0.5,0.6,4.7,2.3,2.3,0.5,TOR,2019,40,27,0.8333333333333334,0.16666666666666666,0.5,0.8333333333333334,1.4666666666666663,0.16666666666666666,0.0,0.5,1.0
43,44,Tyler Herro,"Oct 23, '19, MIA vs. MEM",20,3,175,5294,1078,2452,398,1034,371,436,73,821,568,113,34,362,242,2925,0.44,0.385,0.851,30.3,16.7,4.7,3.2,MIA,2019,40,15,6.16,2.2742857142857145,2.12,0.41714285714285715,4.282857142857143,0.6457142857142857,0.19428571428571428,2.0685714285714285,1.3828571428571428
44,45,Kevin Hervey,"Dec 26, '19, OKC vs. MEM",23,1,10,52,7,27,3,20,0,0,1,12,5,1,1,0,4,17,0.259,0.15,0.0,5.2,1.7,1.2,0.5,OKC,2019,40,20,0.7,0.3,0.0,0.1,1.0999999999999999,0.1,0.1,0.0,0.4
45,46,Jaylen Hoard,"Nov 10, '19, POR vs. ATL",20,3,39,663,103,210,9,39,42,68,65,181,45,24,10,29,45,257,0.49,0.231,0.618,17.0,6.6,4.6,1.2,POR,2019,40,24,2.641025641025641,0.23076923076923078,1.0769230769230769,1.6666666666666667,2.9333333333333327,0.6153846153846154,0.2564102564102564,0.7435897435897436,1.1538461538461537
46,47,Talen Horton-Tucker,"Dec 8, '19, LAL vs. MIN",19,3,131,2896,462,1057,90,326,202,258,64,369,346,130,51,193,285,1216,0.437,0.276,0.783,22.1,9.3,2.8,2.6,LAL,2019,40,13,3.5267175572519083,0.6870229007633588,1.5419847328244274,0.48854961832061067,2.311450381679389,0.9923664122137404,0.3893129770992366,1.4732824427480915,2.1755725190839694
47,48,William Howard,"Feb 7, '20, HOU @ PHO",26,1,2,13,0,4,0,4,0,0,0,2,1,0,0,1,1,0,0.0,0.0,0.0,6.5,0.0,1.0,0.5,HOU,2020,41,10,0.0,0.0,0.0,0.0,1.0,0.0,0.0,0.5,0.5
48,49,De'Andre Hunter,"Oct 24, '19, ATL @ DET",22,3,139,4273,654,1506,213,594,310,395,87,572,224,99,51,201,396,1831,0.434,0.359,0.785,30.7,13.2,4.1,1.6,ATL,2019,40,0,4.705035971223022,1.5323741007194245,2.2302158273381294,0.6258992805755396,3.47410071942446,0.7122302158273381,0.3669064748201439,1.4460431654676258,2.8489208633093526
49,50,Justin James,"Oct 25, '19, SAC vs. POR",23,2,72,542,87,195,23,67,31,57,15,62,40,14,12,23,40,228,0.446,0.343,0.544,7.5,3.2,0.9,0.6,SAC,2019,40,25,1.2083333333333333,0.3194444444444444,0.4305555555555556,0.20833333333333334,0.6916666666666667,0.19444444444444445,0.16666666666666666,0.3194444444444444,0.5555555555555556
50,51,DaQuan Jeffries,"Nov 15, '19, SAC @ LAL",22,3,47,643,71,162,25,86,12,14,22,91,30,19,11,16,68,179,0.438,0.291,0.857,13.7,3.8,1.9,0.6,SAC,2019,40,25,1.5106382978723405,0.5319148936170213,0.2553191489361702,0.46808510638297873,1.4319148936170212,0.40425531914893614,0.23404255319148937,0.3404255319148936,1.446808510638298
51,52,Ty Jerome,"Dec 2, '19, PHO @ CHO",22,3,112,1917,290,728,139,404,76,97,36,215,273,65,14,102,163,795,0.398,0.344,0.784,17.1,7.1,1.9,2.4,PHO,2019,40,23,2.5892857142857144,1.2410714285714286,0.6785714285714286,0.32142857142857145,1.5785714285714285,0.5803571428571429,0.125,0.9107142857142857,1.4553571428571428
52,53,Cameron Johnson,"Oct 26, '19, PHO vs. LAC",23,3,183,4422,658,1495,389,998,194,230,124,659,254,130,52,119,286,1899,0.44,0.39,0.843,24.2,10.4,3.6,1.4,PHO,2019,40,23,3.5956284153005464,2.1256830601092895,1.0601092896174864,0.6775956284153005,2.9224043715846997,0.7103825136612022,0.28415300546448086,0.6502732240437158,1.5628415300546448
53,54,Keldon Johnson,"Nov 22, '19, SAS @ PHI",20,3,161,4661,862,1805,232,602,357,474,183,926,294,112,40,183,318,2313,0.478,0.385,0.753,29.0,14.4,5.8,1.8,SAS,2019,40,26,5.354037267080745,1.4409937888198758,2.217391304347826,1.1366459627329193,4.66335403726708,0.6956521739130435,0.2484472049689441,1.1366459627329193,1.9751552795031055
54,55,Mfiondu Kabengele,"Oct 24, '19, LAC @ GSW",22,2,51,344,47,121,22,70,21,25,13,71,19,10,15,17,45,137,0.388,0.314,0.84,6.7,2.7,1.4,0.4,LAC,2019,40,12,0.9215686274509803,0.43137254901960786,0.4117647058823529,0.2549019607843137,1.1450980392156862,0.19607843137254902,0.29411764705882354,0.3333333333333333,0.8823529411764706
55,56,Stanton Kidd,"Oct 25, '19, UTA @ LAL",27,1,4,15,0,3,0,1,0,0,0,3,1,0,0,2,3,0,0.0,0.0,0.0,3.8,0.0,0.8,0.3,UTA,2019,40,28,0.0,0.0,0.0,0.0,0.8,0.0,0.0,0.5,0.75
56,57,Louis King,"Dec 26, '19, DET vs. WAS",20,3,26,251,40,102,16,49,13,19,6,40,23,11,4,6,33,109,0.392,0.327,0.684,9.7,4.2,1.5,0.9,DET,2019,40,8,1.5384615384615385,0.6153846153846154,0.5,0.23076923076923078,1.2692307692307692,0.4230769230769231,0.15384615384615385,0.23076923076923078,1.2692307692307692
57,58,John Konchar,"Nov 9, '19, MEM vs. DAL",23,3,134,2048,228,437,78,192,53,81,140,504,178,82,34,54,137,587,0.522,0.406,0.654,15.3,4.4,3.8,1.3,MEM,2019,40,14,1.7014925373134329,0.582089552238806,0.39552238805970147,1.044776119402985,2.755223880597015,0.6119402985074627,0.2537313432835821,0.40298507462686567,1.0223880597014925
58,59,Romeo Langford,"Oct 30, '19, BOS vs. MIL",20,3,98,1424,132,330,39,130,50,79,57,184,47,36,29,37,104,353,0.4,0.3,0.633,14.5,3.6,1.9,0.5,BOS,2019,40,1,1.346938775510204,0.3979591836734694,0.5102040816326531,0.5816326530612245,1.3183673469387753,0.3673469387755102,0.29591836734693877,0.37755102040816324,1.0612244897959184
59,60,Vic Law,"Jan 26, '20, ORL vs. LAC",24,1,8,62,6,18,1,7,2,6,2,11,3,2,0,2,6,15,0.333,0.143,0.333,7.8,1.9,1.4,0.4,ORL,2020,41,21,0.75,0.125,0.25,0.25,1.15,0.25,0.0,0.25,0.75
60,61,Jalen Lecque,"Jan 16, '20, PHO @ NYK",19,2,9,44,5,19,0,5,5,5,2,7,4,0,0,2,3,15,0.263,0.0,1.0,4.9,1.7,0.8,0.4,PHO,2020,41,23,0.5555555555555556,0.0,0.5555555555555556,0.2222222222222222,0.5777777777777778,0.0,0.0,0.2222222222222222,0.3333333333333333
61,62,Nassir Little,"Oct 25, '19, POR @ SAC",19,3,138,2301,288,633,93,293,133,183,121,472,99,43,63,73,205,802,0.455,0.317,0.727,16.7,5.8,3.4,0.7,POR,2019,40,24,2.0869565217391304,0.6739130434782609,0.9637681159420289,0.8768115942028986,2.5231884057971015,0.3115942028985507,0.45652173913043476,0.5289855072463768,1.4855072463768115
62,63,Terance Mann,"Oct 24, '19, LAC @ GSW",23,3,189,3942,549,1119,121,319,224,285,170,722,366,95,39,142,350,1443,0.491,0.379,0.786,20.9,7.6,3.8,1.9,LAC,2019,40,12,2.9047619047619047,0.6402116402116402,1.1851851851851851,0.8994708994708994,2.9005291005291003,0.5026455026455027,0.20634920634920634,0.7513227513227513,1.8518518518518519
63,64,Caleb Martin,"Oct 25, '19, CHO vs. MIN",24,3,131,2507,341,750,115,317,129,178,111,409,154,107,49,100,198,926,0.455,0.363,0.725,19.1,7.1,3.1,1.2,CHH,2019,40,3,2.6030534351145036,0.8778625954198473,0.9847328244274809,0.8473282442748091,2.252671755725191,0.816793893129771,0.37404580152671757,0.7633587786259542,1.5114503816793894
64,65,Cody Martin,"Oct 25, '19, CHO vs. MIN",24,3,171,3618,376,818,95,294,142,215,172,604,360,164,53,145,246,989,0.46,0.323,0.66,21.2,5.8,3.5,2.1,CHH,2019,40,3,2.198830409356725,0.5555555555555556,0.8304093567251462,1.0058479532163742,2.4941520467836256,0.9590643274853801,0.30994152046783624,0.847953216374269,1.4385964912280702
65,66,Jeremiah Martin,"Jan 31, '20, BRK vs. CHI",23,2,18,174,33,86,8,30,12,19,3,17,22,12,4,10,8,86,0.384,0.267,0.632,9.7,4.8,0.9,1.2,BRK,2020,41,2,1.8333333333333333,0.4444444444444444,0.6666666666666666,0.16666666666666666,0.7333333333333334,0.6666666666666666,0.2222222222222222,0.5555555555555556,0.4444444444444444
66,67,Kelan Martin,"Oct 25, '19, MIN @ CHO",24,3,96,1267,203,490,71,231,48,54,47,229,61,30,28,50,122,525,0.414,0.307,0.889,13.2,5.5,2.4,0.6,MIN,2019,40,17,2.1145833333333335,0.7395833333333334,0.5,0.4895833333333333,1.9104166666666667,0.3125,0.2916666666666667,0.5208333333333334,1.2708333333333333
67,68,Garrison Mathews,"Oct 23, '19, WAS @ DAL",23,3,147,2977,305,754,234,630,258,309,54,301,100,94,32,59,306,1102,0.405,0.371,0.835,20.3,7.5,2.0,0.7,WSH,2019,40,29,2.074829931972789,1.5918367346938775,1.7551020408163265,0.3673469387755102,1.6326530612244898,0.6394557823129252,0.21768707482993196,0.4013605442176871,2.0816326530612246
68,69,Jalen McDaniels,"Oct 25, '19, CHO vs. MIN",22,3,118,2092,289,608,85,237,112,153,97,404,124,62,44,92,224,775,0.475,0.359,0.732,17.7,6.6,3.4,1.1,CHH,2019,40,3,2.4491525423728815,0.7203389830508474,0.9491525423728814,0.8220338983050848,2.577966101694915,0.5254237288135594,0.3728813559322034,0.7796610169491526,1.8983050847457628
69,70,Jordan McLaughlin,"Nov 6, '19, MIN @ MEM",23,3,143,2430,275,620,89,253,79,109,50,251,498,142,20,120,129,718,0.444,0.352,0.725,17.0,5.0,1.8,3.5,MIN,2019,40,17,1.9230769230769231,0.6223776223776224,0.5524475524475524,0.34965034965034963,1.4503496503496505,0.993006993006993,0.13986013986013987,0.8391608391608392,0.9020979020979021
70,71,Nicolò Melli,"Oct 22, '19, NOP @ TOR",29,2,105,1608,182,464,92,291,73,98,67,302,126,48,26,58,182,529,0.392,0.316,0.745,15.3,5.0,2.9,1.2,NOP,2019,40,18,1.7333333333333334,0.8761904761904762,0.6952380952380952,0.638095238095238,2.261904761904762,0.45714285714285713,0.24761904761904763,0.5523809523809524,1.7333333333333334
71,72,Eric Mika,"Feb 1, '20, SAC vs. LAL",25,1,1,19,2,3,0,0,2,2,2,7,0,0,0,0,5,6,0.667,0.0,1.0,19.0,6.0,7.0,0.0,SAC,2020,41,25,2.0,0.0,2.0,2.0,5.0,0.0,0.0,0.0,5.0
72,73,Adam Mokoka,"Dec 28, '19, CHI vs. ATL",21,2,25,168,19,47,7,25,2,5,8,15,9,6,1,7,22,47,0.404,0.28,0.4,6.7,1.9,0.6,0.4,CHI,2019,40,4,0.76,0.28,0.08,0.32,0.27999999999999997,0.24,0.04,0.28,0.88
73,74,Matt Mooney,"Jan 20, '20, CLE vs. NYK",22,2,5,21,1,5,0,3,0,0,0,3,1,3,1,1,1,2,0.2,0.0,0.0,4.2,0.4,0.6,0.2,CLE,2020,41,5,0.2,0.0,0.0,0.0,0.6,0.6,0.2,0.2,0.2
74,75,Ja Morant,"Oct 23, '19, MEM @ MIA",20,3,187,6016,1457,3071,221,676,826,1095,187,836,1337,181,53,619,283,3961,0.474,0.327,0.754,32.2,21.2,4.5,7.1,MEM,2019,40,14,7.791443850267379,1.1818181818181819,4.4171122994652405,1.0,3.5,0.9679144385026738,0.28342245989304815,3.3101604278074865,1.5133689839572193
75,76,Juwan Morgan,"Nov 27, '19, UTA @ IND",22,3,52,312,31,59,8,23,6,11,21,61,16,5,3,10,43,76,0.525,0.348,0.545,6.0,1.5,1.2,0.3,UTA,2019,40,28,0.5961538461538461,0.15384615384615385,0.11538461538461539,0.40384615384615385,0.7961538461538461,0.09615384615384616,0.057692307692307696,0.19230769230769232,0.8269230769230769
76,77,Mychal Mulder,"Feb 27, '20, GSW vs. LAL",25,3,84,1209,169,409,118,320,27,38,13,107,39,18,15,29,89,483,0.413,0.369,0.711,14.4,5.8,1.3,0.5,GSW,2020,41,9,2.011904761904762,1.4047619047619047,0.32142857142857145,0.15476190476190477,1.1452380952380952,0.21428571428571427,0.17857142857142858,0.34523809523809523,1.0595238095238095
77,78,Malik Newman,"Feb 9, '20, CLE vs. LAC",22,2,2,12,3,7,0,2,4,4,0,1,1,0,0,2,0,10,0.429,0.0,1.0,6.0,5.0,0.5,0.5,CLE,2020,41,5,1.5,0.0,2.0,0.0,0.5,0.0,0.0,1.0,0.0
78,79,Zach Norvell,"Oct 25, '19, LAL vs. UTA",22,1,5,41,3,12,3,8,1,1,0,6,3,2,0,3,4,10,0.25,0.375,1.0,8.2,2.0,1.2,0.6,LAL,2019,40,13,0.6,0.6,0.2,0.0,1.2,0.4,0.0,0.6,0.8
79,80,Jaylen Nowell,"Nov 6, '19, MIN @ MEM",20,3,119,1885,357,801,116,336,133,164,44,231,211,52,23,67,156,963,0.446,0.345,0.811,15.8,8.1,1.9,1.8,MIN,2019,40,17,3.0,0.9747899159663865,1.1176470588235294,0.3697478991596639,1.530252100840336,0.4369747899159664,0.19327731092436976,0.5630252100840336,1.3109243697478992
80,81,Kendrick Nunn,"Oct 23, '19, MIA vs. MEM",24,2,123,3612,720,1572,259,711,141,160,42,359,368,108,29,194,260,1840,0.458,0.364,0.881,29.4,15.0,2.9,3.0,MIA,2019,40,15,5.853658536585366,2.105691056910569,1.146341463414634,0.34146341463414637,2.5585365853658537,0.8780487804878049,0.23577235772357724,1.5772357723577235,2.113821138211382
81,82,KZ Okpala,"Oct 23, '19, MIA vs. MEM",20,3,63,717,69,170,21,77,17,28,33,114,34,16,19,21,86,176,0.406,0.273,0.607,11.4,2.8,1.8,0.5,MIA,2019,40,15,1.0952380952380953,0.3333333333333333,0.2698412698412698,0.5238095238095238,1.276190476190476,0.25396825396825395,0.30158730158730157,0.3333333333333333,1.3650793650793651
82,83,Miye Oni,"Nov 11, '19, UTA @ GSW",22,3,80,672,49,140,38,115,9,12,29,108,37,15,10,21,77,145,0.35,0.33,0.75,8.4,1.8,1.4,0.5,UTA,2019,40,28,0.6125,0.475,0.1125,0.3625,1.0374999999999999,0.1875,0.125,0.2625,0.9625
83,84,Tariq Owens,"Feb 2, '20, PHO @ MIL",24,1,3,15,1,5,0,2,2,2,2,3,0,1,0,0,1,4,0.2,0.0,1.0,5.0,1.3,1.0,0.0,PHO,2020,41,23,0.3333333333333333,0.0,0.6666666666666666,0.6666666666666666,0.33333333333333337,0.3333333333333333,0.0,0.0,0.3333333333333333
84,85,Eric Paschall,"Oct 24, '19, GSW vs. LAC",23,3,158,3085,580,1173,95,291,297,392,140,509,214,53,25,164,244,1552,0.494,0.326,0.758,19.5,9.8,3.2,1.4,GSW,2019,40,9,3.670886075949367,0.6012658227848101,1.879746835443038,0.8860759493670886,2.3139240506329117,0.33544303797468356,0.15822784810126583,1.0379746835443038,1.5443037974683544
85,86,Anžejs Pasečņiks,"Dec 18, '19, WAS vs. CHI",24,2,28,443,61,117,0,4,34,58,43,108,19,9,12,29,77,156,0.521,0.0,0.586,15.8,5.6,3.9,0.7,WSH,2019,40,29,2.1785714285714284,0.0,1.2142857142857142,1.5357142857142858,2.364285714285714,0.32142857142857145,0.42857142857142855,1.0357142857142858,2.75
86,87,Norvel Pelle,"Nov 29, '19, PHI @ NYK",26,3,40,335,36,68,0,1,11,20,29,97,10,4,41,23,70,83,0.529,0.0,0.55,8.4,2.1,2.4,0.3,PHI,2019,40,22,0.9,0.0,0.275,0.725,1.6749999999999998,0.1,1.025,0.575,1.75
87,88,Vincent Poirier,"Oct 26, '19, BOS @ NYK",26,2,32,169,20,48,1,3,8,13,19,57,10,2,12,12,33,49,0.417,0.333,0.615,5.3,1.5,1.8,0.3,BOS,2019,40,1,0.625,0.03125,0.25,0.59375,1.20625,0.0625,0.375,0.375,1.03125
88,89,Shamorie Ponds,"Nov 27, '19, TOR vs. NYK",21,1,4,11,3,5,1,2,2,2,0,1,2,0,1,0,2,9,0.6,0.5,1.0,2.8,2.3,0.3,0.5,TOR,2019,40,27,0.75,0.25,0.5,0.0,0.3,0.0,0.25,0.0,0.5
89,90,Jordan Poole,"Oct 24, '19, GSW vs. LAC",20,3,184,4545,846,2034,382,1121,446,504,58,470,537,121,42,312,386,2520,0.416,0.341,0.885,24.7,13.7,2.6,2.9,GSW,2019,40,9,4.5978260869565215,2.0760869565217392,2.4239130434782608,0.31521739130434784,2.2847826086956524,0.657608695652174,0.22826086956521738,1.6956521739130435,2.097826086956522
90,91,Kevin Porter Jr.,"Oct 23, '19, CLE @ ORL",19,3,137,3904,677,1596,258,732,266,388,85,528,649,134,44,376,352,1878,0.424,0.352,0.686,28.5,13.7,3.9,4.7,CLE,2019,40,5,4.9416058394160585,1.8832116788321167,1.9416058394160585,0.6204379562043796,3.2795620437956203,0.9781021897810219,0.32116788321167883,2.7445255474452557,2.5693430656934306
91,92,Michael Porter Jr.,"Oct 31, '19, DEN @ NOP",21,3,125,3080,675,1303,242,577,171,215,166,763,133,77,81,138,242,1763,0.518,0.419,0.795,24.6,14.1,6.1,1.1,DEN,2019,40,7,5.4,1.936,1.368,1.328,4.771999999999999,0.616,0.648,1.104,1.936
92,93,Josh Reaves,"Jan 2, '20, DAL vs. BRK",22,1,4,28,3,9,0,2,2,2,1,3,3,0,0,0,5,8,0.333,0.0,1.0,7.0,2.0,0.8,0.8,DAL,2020,41,6,0.75,0.0,0.5,0.25,0.55,0.0,0.0,0.0,1.25
93,94,Cam Reddish,"Oct 24, '19, ATL @ DET",20,3,133,3313,474,1225,182,560,269,320,82,425,170,142,52,187,260,1399,0.387,0.325,0.841,24.9,10.5,3.2,1.3,ATL,2019,40,0,3.56390977443609,1.368421052631579,2.0225563909774436,0.6165413533834586,2.5834586466165415,1.0676691729323309,0.39097744360902253,1.406015037593985,1.9548872180451127
94,95,Naz Reid,"Dec 8, '19, MIN @ LAL",20,3,177,3057,637,1300,150,437,266,368,218,747,178,93,169,173,434,1690,0.49,0.343,0.723,17.3,9.5,4.2,1.0,MIN,2019,40,17,3.598870056497175,0.847457627118644,1.502824858757062,1.231638418079096,2.968361581920904,0.5254237288135594,0.9548022598870056,0.9774011299435028,2.4519774011299433
95,96,Justin Robinson,"Oct 23, '19, WAS @ DAL",22,3,43,441,40,126,25,80,7,13,6,33,48,12,2,22,39,112,0.317,0.313,0.538,10.3,2.6,0.8,1.1,WSH,2019,40,29,0.9302325581395349,0.5813953488372093,0.16279069767441862,0.13953488372093023,0.6604651162790698,0.27906976744186046,0.046511627906976744,0.5116279069767442,0.9069767441860465
96,97,Isaiah Roby,"Jan 29, '20, OKC @ SAC",21,3,109,2384,373,753,76,208,165,233,164,560,178,88,71,157,272,987,0.495,0.365,0.708,21.9,9.1,5.1,1.6,OKC,2020,41,20,3.4220183486238533,0.6972477064220184,1.5137614678899083,1.5045871559633028,3.595412844036697,0.8073394495412844,0.6513761467889908,1.4403669724770642,2.4954128440366974
97,98,Luka Šamanić,"Mar 6, '20, SAS @ BRK",20,2,36,356,52,121,15,51,19,33,17,78,21,8,10,22,49,138,0.43,0.294,0.576,9.9,3.8,2.2,0.6,SAS,2020,41,26,1.4444444444444444,0.4166666666666667,0.5277777777777778,0.4722222222222222,1.7277777777777779,0.2222222222222222,0.2777777777777778,0.6111111111111112,1.3611111111111112
98,99,Admiral Schofield,"Oct 23, '19, WAS @ DAL",22,2,71,837,89,221,45,140,22,30,24,136,40,12,9,28,108,245,0.403,0.321,0.733,11.8,3.5,1.9,0.6,WSH,2019,40,29,1.2535211267605635,0.6338028169014085,0.30985915492957744,0.3380281690140845,1.5619718309859154,0.16901408450704225,0.1267605633802817,0.39436619718309857,1.5211267605633803
99,100,Marial Shayok,"Feb 6, '20, PHI @ MIL",24,1,4,28,3,12,2,6,3,4,1,7,1,0,1,3,4,11,0.25,0.333,0.75,7.0,2.8,1.8,0.3,PHI,2020,41,22,0.75,0.5,0.75,0.25,1.55,0.0,0.25,0.75,1.0
100,101,Chris Silva,"Oct 23, '19, MIA vs. MEM",23,3,69,529,66,109,1,4,58,82,80,189,36,10,28,50,129,191,0.606,0.25,0.707,7.7,2.8,2.7,0.5,MIA,2019,40,15,0.9565217391304348,0.014492753623188406,0.8405797101449275,1.1594202898550725,1.5405797101449277,0.14492753623188406,0.4057971014492754,0.7246376811594203,1.8695652173913044
101,102,Alen Smailagić,"Dec 27, '19, GSW vs. PHO",19,2,29,223,31,67,7,23,18,25,16,43,17,6,9,16,25,87,0.463,0.304,0.72,7.7,3.0,1.5,0.6,GSW,2019,40,9,1.0689655172413792,0.2413793103448276,0.6206896551724138,0.5517241379310345,0.9482758620689655,0.20689655172413793,0.3103448275862069,0.5517241379310345,0.8620689655172413
102,103,Max Strus,"Nov 22, '19, CHI vs. MIA",23,3,109,2100,336,754,231,591,59,78,30,244,116,39,18,65,160,962,0.446,0.391,0.756,19.3,8.8,2.2,1.1,CHI,2019,40,4,3.0825688073394497,2.1192660550458715,0.5412844036697247,0.27522935779816515,1.924770642201835,0.3577981651376147,0.1651376146788991,0.5963302752293578,1.4678899082568808
103,104,Matt Thomas,"Oct 26, '19, TOR @ CHI",25,3,126,1225,178,411,109,270,37,46,19,155,61,22,4,38,74,502,0.433,0.404,0.804,9.7,4.0,1.2,0.5,TOR,2019,40,27,1.4126984126984128,0.8650793650793651,0.29365079365079366,0.15079365079365079,1.0492063492063493,0.1746031746031746,0.031746031746031744,0.30158730158730157,0.5873015873015873
104,105,Matisse Thybulle,"Oct 23, '19, PHI vs. BOS",22,3,196,4270,364,808,144,444,67,102,116,382,217,314,189,122,426,939,0.45,0.324,0.657,21.8,4.8,1.9,1.1,PHI,2019,40,22,1.8571428571428572,0.7346938775510204,0.34183673469387754,0.5918367346938775,1.3081632653061224,1.6020408163265305,0.9642857142857143,0.6224489795918368,2.173469387755102
105,106,Juan Toscano-Anderson,"Feb 8, '20, GSW vs. LAL",26,3,139,2373,265,507,73,202,65,106,66,462,303,102,48,145,256,668,0.523,0.361,0.613,17.1,4.8,3.3,2.2,GSW,2020,41,9,1.9064748201438848,0.5251798561151079,0.4676258992805755,0.4748201438848921,2.8251798561151076,0.7338129496402878,0.34532374100719426,1.0431654676258992,1.841726618705036
106,107,Rayjon Tucker,"Dec 30, '19, UTA vs. DET",22,3,39,300,35,70,9,29,38,49,7,39,21,7,1,13,23,117,0.5,0.31,0.776,7.7,3.0,1.0,0.5,UTA,2019,40,28,0.8974358974358975,0.23076923076923078,0.9743589743589743,0.1794871794871795,0.8205128205128205,0.1794871794871795,0.02564102564102564,0.3333333333333333,0.5897435897435898
107,108,Gabe Vincent,"Jan 27, '20, MIA vs. ORL",23,3,127,2327,310,783,171,499,64,77,32,187,283,88,14,133,243,855,0.396,0.343,0.831,18.3,6.7,1.5,2.2,MIA,2020,41,15,2.440944881889764,1.3464566929133859,0.5039370078740157,0.25196850393700787,1.2480314960629921,0.6929133858267716,0.11023622047244094,1.047244094488189,1.9133858267716535
108,109,Dean Wade,"Nov 18, '19, CLE @ NYK",23,3,126,2263,242,541,131,359,50,70,72,384,128,66,32,49,174,665,0.447,0.365,0.714,18.0,5.3,3.0,1.0,CLE,2019,40,5,1.9206349206349207,1.0396825396825398,0.3968253968253968,0.5714285714285714,2.428571428571429,0.5238095238095238,0.25396825396825395,0.3888888888888889,1.380952380952381
109,110,P.J. Washington,"Oct 23, '19, CHO vs. CHI",21,3,187,5481,820,1807,308,821,254,362,233,1071,431,177,184,303,481,2202,0.454,0.375,0.702,29.3,11.8,5.7,2.3,CHH,2019,40,3,4.385026737967914,1.6470588235294117,1.358288770053476,1.2459893048128343,4.454010695187166,0.946524064171123,0.983957219251337,1.6203208556149733,2.572192513368984
110,111,Tremont Waters,"Nov 25, '19, BOS vs. SAC",22,3,40,407,52,147,21,71,24,25,5,37,85,30,3,46,34,149,0.354,0.296,0.96,10.2,3.7,0.9,2.1,BOS,2019,40,1,1.3,0.525,0.6,0.125,0.775,0.75,0.075,1.15,0.85
111,112,Paul Watson,"Jan 8, '20, ATL vs. HOU",25,3,46,540,60,143,40,102,13,19,9,89,33,13,7,16,51,173,0.42,0.392,0.684,11.7,3.8,1.9,0.7,ATL,2020,41,0,1.3043478260869565,0.8695652173913043,0.2826086956521739,0.1956521739130435,1.7043478260869565,0.2826086956521739,0.15217391304347827,0.34782608695652173,1.108695652173913
112,113,Quinndary Weatherspoon,"Feb 8, '20, SAS @ SAC",23,3,42,272,33,73,3,16,19,23,6,32,24,12,4,18,41,88,0.452,0.188,0.826,6.5,2.1,0.8,0.6,SAS,2020,41,26,0.7857142857142857,0.07142857142857142,0.4523809523809524,0.14285714285714285,0.6571428571428573,0.2857142857142857,0.09523809523809523,0.42857142857142855,0.9761904761904762
113,114,Coby White,"Oct 23, '19, CHI @ CHO",19,3,195,5505,966,2338,432,1183,308,362,73,696,679,116,32,335,433,2672,0.413,0.365,0.851,28.2,13.7,3.6,3.5,CHI,2019,40,4,4.953846153846154,2.2153846153846155,1.5794871794871794,0.37435897435897436,3.2256410256410257,0.5948717948717949,0.1641025641025641,1.7179487179487178,2.2205128205128206
114,115,Grant Williams,"Oct 23, '19, BOS @ PHI",21,3,209,4056,400,890,178,483,155,200,171,630,210,100,117,168,510,1133,0.449,0.369,0.775,19.4,5.4,3.0,1.0,BOS,2019,40,1,1.9138755980861244,0.8516746411483254,0.7416267942583732,0.8181818181818182,2.1818181818181817,0.4784688995215311,0.5598086124401914,0.8038277511961722,2.4401913875598087
115,116,Nigel Williams-Goss,"Oct 25, '19, UTA @ LAL",25,1,10,50,5,16,2,7,2,2,2,6,6,3,1,3,6,14,0.313,0.286,1.0,5.0,1.4,0.6,0.6,UTA,2019,40,28,0.5,0.2,0.2,0.2,0.39999999999999997,0.3,0.1,0.3,0.6
116,117,Zion Williamson,"Jan 22, '20, NOP vs. SAS",19,2,85,2694,844,1397,16,48,483,707,231,591,276,73,48,226,177,2187,0.604,0.333,0.683,31.7,25.7,7.0,3.2,NOP,2020,41,18,9.929411764705883,0.18823529411764706,5.682352941176471,2.7176470588235295,4.2823529411764705,0.8588235294117647,0.5647058823529412,2.6588235294117646,2.0823529411764707
117,118,Justin Wright-Foreman,"Feb 21, '20, UTA vs. SAS",22,1,4,45,7,20,2,10,3,4,0,5,7,2,0,3,5,19,0.35,0.2,0.75,11.3,4.8,1.3,1.8,UTA,2020,41,28,1.75,0.5,0.75,0.0,1.3,0.5,0.0,0.75,1.25
118,1,Precious Achiuwa,"Dec 23, '20, MIA @ ORL",21,2,134,2462,389,831,56,157,134,241,219,681,111,57,69,127,242,968,0.468,0.357,0.556,18.4,7.2,5.1,0.8,MIA,2020,41,15,2.9029850746268657,0.417910447761194,1.0,1.6343283582089552,3.4656716417910447,0.4253731343283582,0.5149253731343284,0.9477611940298507,1.8059701492537314
119,2,Ty-Shon Alexander,"Dec 27, '20, PHO @ SAC",22,1,15,47,3,12,2,9,1,2,2,10,6,0,1,3,2,9,0.25,0.222,0.5,3.1,0.6,0.7,0.4,PHO,2020,41,23,0.2,0.13333333333333333,0.06666666666666667,0.13333333333333333,0.5666666666666667,0.0,0.06666666666666667,0.2,0.13333333333333333
120,3,Cole Anthony,"Dec 23, '20, ORL vs. MIA",20,2,112,3332,576,1464,190,563,325,384,70,569,561,76,35,276,269,1667,0.393,0.337,0.846,29.8,14.9,5.1,5.0,ORL,2020,41,21,5.142857142857143,1.6964285714285714,2.9017857142857144,0.625,4.475,0.6785714285714286,0.3125,2.4642857142857144,2.4017857142857144
121,4,Deni Avdija,"Dec 23, '20, WAS @ PHI",20,2,136,3241,380,891,135,427,132,181,74,687,230,91,59,120,330,1027,0.426,0.316,0.729,23.8,7.6,5.1,1.7,WSH,2020,41,29,2.7941176470588234,0.9926470588235294,0.9705882352941176,0.5441176470588235,4.555882352941176,0.6691176470588235,0.4338235294117647,0.8823529411764706,2.426470588235294
122,5,Udoka Azubuike,"Dec 23, '20, UTA @ POR",21,2,32,252,41,58,0,0,14,21,22,84,0,2,15,15,34,96,0.707,0.0,0.667,7.9,3.0,2.6,0.0,UTA,2020,41,28,1.28125,0.0,0.4375,0.6875,1.9125,0.0625,0.46875,0.46875,1.0625
123,6,LaMelo Ball,"Dec 23, '20, CHO @ CLE",19,2,126,3891,831,1926,312,826,337,408,171,803,884,200,48,390,373,2311,0.431,0.378,0.826,30.9,18.3,6.4,7.0,CHH,2020,41,3,6.595238095238095,2.4761904761904763,2.6746031746031744,1.3571428571428572,5.042857142857143,1.5873015873015872,0.38095238095238093,3.0952380952380953,2.9603174603174605
124,7,Desmond Bane,"Dec 23, '20, MEM vs. SAS",22,2,144,3785,742,1600,345,794,180,204,77,544,326,133,45,170,321,2009,0.464,0.435,0.882,26.3,14.0,3.8,2.3,MEM,2020,41,14,5.152777777777778,2.3958333333333335,1.25,0.5347222222222222,3.2652777777777775,0.9236111111111112,0.3125,1.1805555555555556,2.2291666666666665
125,8,Saddiq Bey,"Dec 26, '20, DET vs. CLE",21,2,152,4613,729,1827,386,1070,334,401,150,759,328,125,30,156,238,2178,0.399,0.361,0.833,30.3,14.3,5.0,2.2,DET,2020,41,8,4.796052631578948,2.539473684210526,2.1973684210526314,0.9868421052631579,4.0131578947368425,0.8223684210526315,0.19736842105263158,1.0263157894736843,1.5657894736842106
126,9,Tyler Bey,"Jan 13, '21, DAL @ CHO",22,1,18,71,7,22,1,4,3,5,8,19,3,0,1,3,6,18,0.318,0.25,0.6,3.9,1.0,1.1,0.2,DAL,2021,42,6,0.3888888888888889,0.05555555555555555,0.16666666666666666,0.4444444444444444,0.6555555555555557,0.0,0.05555555555555555,0.16666666666666666,0.3333333333333333
127,10,Keljin Blevins,"Dec 23, '20, POR vs. UTA",25,2,48,424,39,131,23,80,6,11,19,55,23,15,1,22,37,107,0.298,0.288,0.545,8.8,2.2,1.1,0.5,POR,2020,41,24,0.8125,0.4791666666666667,0.125,0.3958333333333333,0.7041666666666668,0.3125,0.020833333333333332,0.4583333333333333,0.7708333333333334
128,11,Amida Brimah,"Apr 25, '21, IND @ ORL",26,1,5,29,5,8,0,0,3,3,2,8,1,0,5,4,4,13,0.625,0.0,1.0,5.8,2.6,1.6,0.2,IND,2021,42,11,1.0,0.0,0.6,0.4,1.2000000000000002,0.0,1.0,0.8,0.8
129,12,Armoni Brooks,"Apr 9, '21, HOU @ LAC",22,2,74,1364,176,481,134,406,25,33,30,171,92,40,16,49,108,511,0.366,0.33,0.758,18.4,6.9,2.3,1.2,HOU,2021,42,10,2.3783783783783785,1.8108108108108107,0.33783783783783783,0.40540540540540543,1.8945945945945943,0.5405405405405406,0.21621621621621623,0.6621621621621622,1.4594594594594594
130,13,Elijah Bryant,"May 16, '21, MIL @ CHI",25,1,1,32,6,13,1,5,3,3,2,6,3,0,1,4,4,16,0.462,0.2,1.0,32.0,16.0,6.0,3.0,MIL,2021,42,16,6.0,1.0,3.0,2.0,4.0,0.0,1.0,4.0,4.0
131,14,Facundo Campazzo,"Dec 23, '20, DEN vs. SAC",29,2,130,2609,227,611,134,409,140,169,45,251,452,142,37,140,256,728,0.372,0.328,0.828,20.1,5.6,1.9,3.5,DEN,2020,41,7,1.7461538461538462,1.0307692307692307,1.0769230769230769,0.34615384615384615,1.5538461538461537,1.0923076923076922,0.2846153846153846,1.0769230769230769,1.9692307692307693
132,15,Devin Cannady,"Apr 7, '21, ORL vs. WAS",24,2,13,219,26,72,21,53,11,14,1,11,11,10,4,7,18,84,0.361,0.396,0.786,16.8,6.5,0.8,0.8,ORL,2021,42,21,2.0,1.6153846153846154,0.8461538461538461,0.07692307692307693,0.7230769230769232,0.7692307692307693,0.3076923076923077,0.5384615384615384,1.3846153846153846
133,16,Vernon Carey Jr.,"Dec 30, '20, CHO @ DAL",19,2,26,159,25,49,1,7,15,24,14,39,2,3,6,8,17,66,0.51,0.143,0.625,6.1,2.5,1.5,0.1,CHH,2020,41,3,0.9615384615384616,0.038461538461538464,0.5769230769230769,0.5384615384615384,0.9615384615384616,0.11538461538461539,0.23076923076923078,0.3076923076923077,0.6538461538461539
134,17,Nate Darling,"Mar 13, '21, CHO vs. TOR",22,1,7,26,2,7,2,7,3,3,1,1,1,0,1,1,1,9,0.286,0.286,1.0,3.7,1.3,0.1,0.1,CHH,2021,42,3,0.2857142857142857,0.2857142857142857,0.42857142857142855,0.14285714285714285,-0.042857142857142844,0.0,0.14285714285714285,0.14285714285714285,0.14285714285714285
135,18,Gabriel Deck,"Apr 29, '21, OKC vs. NOP",25,2,17,268,40,81,4,19,18,22,17,46,29,9,0,8,11,102,0.494,0.211,0.818,15.8,6.0,2.7,1.7,OKC,2021,42,20,2.3529411764705883,0.23529411764705882,1.0588235294117647,1.0,1.7000000000000002,0.5294117647058824,0.0,0.47058823529411764,0.6470588235294118
136,19,Mamadi Diakite,"Mar 11, '21, MIL vs. NYK",24,2,27,329,41,87,1,13,17,25,25,93,10,12,15,10,49,100,0.471,0.077,0.68,12.2,3.7,3.4,0.4,MIL,2021,42,16,1.5185185185185186,0.037037037037037035,0.6296296296296297,0.9259259259259259,2.474074074074074,0.4444444444444444,0.5555555555555556,0.37037037037037035,1.8148148148148149
137,20,Devon Dotson,"Jan 1, '21, CHI @ MIL",21,2,22,135,22,44,3,16,5,9,3,14,22,5,0,5,14,52,0.5,0.188,0.556,6.1,2.4,0.6,1.0,CHI,2021,42,4,1.0,0.13636363636363635,0.22727272727272727,0.13636363636363635,0.4636363636363636,0.22727272727272727,0.0,0.22727272727272727,0.6363636363636364
138,21,Anthony Edwards,"Dec 23, '20, MIN vs. DET",19,2,144,4780,1054,2456,386,1122,431,552,121,679,486,187,82,350,293,2925,0.429,0.344,0.781,33.2,20.3,4.7,3.4,MIN,2020,41,17,7.319444444444445,2.6805555555555554,2.9930555555555554,0.8402777777777778,3.8597222222222225,1.2986111111111112,0.5694444444444444,2.4305555555555554,2.0347222222222223
139,22,CJ Elleby,"Dec 23, '20, POR vs. UTA",20,2,88,1366,146,374,44,160,71,99,77,259,97,41,22,61,143,407,0.39,0.275,0.717,15.5,4.6,2.9,1.1,POR,2020,41,24,1.6590909090909092,0.5,0.8068181818181818,0.875,2.025,0.4659090909090909,0.25,0.6931818181818182,1.625
140,23,Malik Fitts,"Apr 9, '21, LAC vs. HOU",23,2,18,74,9,22,6,12,0,0,2,20,5,0,0,2,7,24,0.409,0.5,0.0,4.1,1.3,1.1,0.3,LAC,2021,42,12,0.5,0.3333333333333333,0.0,0.1111111111111111,0.9888888888888889,0.0,0.0,0.1111111111111111,0.3888888888888889
141,24,Malachi Flynn,"Dec 23, '20, TOR vs. NOP",22,2,91,1465,199,523,84,258,60,80,20,179,207,58,11,56,113,542,0.38,0.326,0.75,16.1,6.0,2.0,2.3,TOR,2020,41,27,2.1868131868131866,0.9230769230769231,0.6593406593406593,0.21978021978021978,1.7802197802197801,0.6373626373626373,0.12087912087912088,0.6153846153846154,1.2417582417582418
142,25,Trent Forrest,"Jan 5, '21, UTA @ BRK",22,2,90,1067,108,226,10,53,57,67,34,143,151,39,10,69,65,283,0.478,0.189,0.851,11.9,3.1,1.6,1.7,UTA,2021,42,28,1.2,0.1111111111111111,0.6333333333333333,0.37777777777777777,1.2222222222222223,0.43333333333333335,0.1111111111111111,0.7666666666666667,0.7222222222222222
143,26,Robert Franks,"Apr 12, '21, ORL vs. SAS",24,1,7,101,13,28,5,15,12,13,6,14,5,3,3,2,8,43,0.464,0.333,0.923,14.4,6.1,2.0,0.7,ORL,2021,42,21,1.8571428571428572,0.7142857142857143,1.7142857142857142,0.8571428571428571,1.1428571428571428,0.42857142857142855,0.42857142857142855,0.2857142857142857,1.1428571428571428
144,27,Anthony Gill,"Dec 29, '20, WAS vs. CHI",28,2,70,681,92,169,21,50,55,68,49,136,38,15,15,26,85,260,0.544,0.42,0.809,9.7,3.7,1.9,0.5,WSH,2020,41,29,1.3142857142857143,0.3,0.7857142857142857,0.7,1.2,0.21428571428571427,0.21428571428571427,0.37142857142857144,1.2142857142857142
145,28,Freddie Gillespie,"Apr 10, '21, TOR @ CLE",23,2,29,511,53,106,0,1,26,40,55,133,14,16,29,17,61,132,0.5,0.0,0.65,17.6,4.6,4.6,0.5,TOR,2021,42,27,1.8275862068965518,0.0,0.896551724137931,1.896551724137931,2.7034482758620686,0.5517241379310345,1.0,0.5862068965517241,2.103448275862069
146,29,Josh Green,"Dec 23, '20, DAL @ PHO",20,2,106,1484,172,349,32,103,44,68,80,239,107,61,17,61,150,420,0.493,0.311,0.647,14.0,4.0,2.3,1.0,DAL,2020,41,6,1.6226415094339623,0.3018867924528302,0.41509433962264153,0.7547169811320755,1.5452830188679243,0.5754716981132075,0.16037735849056603,0.5754716981132075,1.4150943396226414
147,30,Ashton Hagans,"Jan 25, '21, MIN @ GSW",21,1,2,4,0,0,0,0,0,0,0,0,0,0,0,1,0,0,0.0,0.0,0.0,2.0,0.0,0.0,0.0,MIN,2021,42,17,0.0,0.0,0.0,0.0,0.0,0.0,0.0,0.5,0.0
148,31,Tyrese Haliburton,"Dec 23, '20, SAC @ DEN",20,2,135,4441,722,1528,282,685,208,246,100,484,937,211,77,291,204,1934,0.473,0.412,0.846,32.9,14.3,3.6,6.9,SAC,2020,41,25,5.348148148148148,2.088888888888889,1.5407407407407407,0.7407407407407407,2.859259259259259,1.5629629629629629,0.5703703703703704,2.1555555555555554,1.511111111111111
149,32,Josh Hall,"Dec 29, '20, OKC vs. ORL",20,1,21,336,30,99,4,37,22,44,6,59,28,4,1,25,37,86,0.303,0.108,0.5,16.0,4.1,2.8,1.3,OKC,2020,41,20,1.4285714285714286,0.19047619047619047,1.0476190476190477,0.2857142857142857,2.5142857142857142,0.19047619047619047,0.047619047619047616,1.1904761904761905,1.7619047619047619
150,33,R.J. Hampton,"Dec 28, '20, DEN vs. HOU",19,2,115,2290,311,770,91,270,130,199,52,373,245,63,23,140,162,843,0.404,0.337,0.653,19.9,7.3,3.2,2.1,DEN,2020,41,7,2.7043478260869565,0.7913043478260869,1.1304347826086956,0.45217391304347826,2.747826086956522,0.5478260869565217,0.2,1.2173913043478262,1.4086956521739131
151,34,Jalen Harris,"Jan 8, '21, TOR @ SAC",22,1,13,172,36,72,17,36,7,9,3,18,17,8,0,14,15,96,0.5,0.472,0.778,13.2,7.4,1.4,1.3,TOR,2021,42,27,2.769230769230769,1.3076923076923077,0.5384615384615384,0.23076923076923078,1.169230769230769,0.6153846153846154,0.0,1.0769230769230769,1.1538461538461537
152,35,Killian Hayes,"Dec 23, '20, DET @ MIN",19,2,92,2317,247,660,64,239,71,91,42,279,415,105,45,194,240,629,0.374,0.268,0.78,25.2,6.8,3.0,4.5,DET,2020,41,8,2.6847826086956523,0.6956521739130435,0.7717391304347826,0.45652173913043476,2.5434782608695654,1.141304347826087,0.4891304347826087,2.108695652173913,2.608695652173913
153,36,Nate Hinton,"Jan 3, '21, DAL @ CHI",21,2,23,95,15,43,4,19,7,10,1,9,8,7,2,6,8,41,0.349,0.211,0.7,4.1,1.8,0.4,0.3,DAL,2021,42,6,0.6521739130434783,0.17391304347826086,0.30434782608695654,0.043478260869565216,0.35652173913043483,0.30434782608695654,0.08695652173913043,0.2608695652173913,0.34782608695652173
154,37,Markus Howard,"Dec 25, '20, DEN vs. LAC",21,2,68,381,79,207,46,135,27,32,3,33,25,13,1,25,40,231,0.382,0.341,0.844,5.6,3.4,0.5,0.4,DEN,2020,41,7,1.161764705882353,0.6764705882352942,0.39705882352941174,0.04411764705882353,0.45588235294117646,0.19117647058823528,0.014705882352941176,0.36764705882352944,0.5882352941176471
155,38,Elijah Hughes,"Dec 23, '20, UTA @ POR",22,2,54,498,57,174,33,118,10,13,7,67,28,15,9,23,40,157,0.328,0.28,0.769,9.2,2.9,1.2,0.5,UTA,2020,41,28,1.0555555555555556,0.6111111111111112,0.18518518518518517,0.12962962962962962,1.0703703703703704,0.2777777777777778,0.16666666666666666,0.42592592592592593,0.7407407407407407
156,39,Isaiah Joe,"Dec 27, '20, PHI @ CLE",21,2,96,992,110,310,84,241,47,55,12,92,55,26,7,30,81,351,0.355,0.349,0.855,10.3,3.7,1.0,0.6,PHI,2020,41,22,1.1458333333333333,0.875,0.4895833333333333,0.125,0.875,0.2708333333333333,0.07291666666666667,0.3125,0.84375
157,40,Mason Jones,"Jan 8, '21, HOU vs. ORL",22,2,36,385,59,138,25,70,52,79,8,65,46,9,1,30,32,195,0.428,0.357,0.658,10.7,5.4,1.8,1.3,HOU,2021,42,10,1.6388888888888888,0.6944444444444444,1.4444444444444444,0.2222222222222222,1.577777777777778,0.25,0.027777777777777776,0.8333333333333334,0.8888888888888888
158,41,Tre Jones,"Dec 30, '20, SAS vs. LAL",21,2,106,1417,203,417,13,56,88,110,37,176,272,50,7,59,91,507,0.487,0.232,0.8,13.4,4.8,1.7,2.6,SAS,2020,41,26,1.9150943396226414,0.12264150943396226,0.8301886792452831,0.3490566037735849,1.350943396226415,0.4716981132075472,0.0660377358490566,0.5566037735849056,0.8584905660377359
159,42,Nathan Knight,"Dec 23, '20, ATL @ CHI",23,2,70,546,82,188,10,46,88,115,59,157,30,16,18,33,64,262,0.436,0.217,0.765,7.8,3.7,2.2,0.4,ATL,2020,41,0,1.1714285714285715,0.14285714285714285,1.2571428571428571,0.8428571428571429,1.3571428571428572,0.22857142857142856,0.2571428571428571,0.4714285714285714,0.9142857142857143
160,43,Anthony Lamb,"Mar 11, '21, HOU @ SAC",23,2,26,423,46,120,23,73,18,21,27,71,25,6,5,19,34,133,0.383,0.315,0.857,16.3,5.1,2.7,1.0,HOU,2021,42,10,1.7692307692307692,0.8846153846153846,0.6923076923076923,1.0384615384615385,1.6615384615384616,0.23076923076923078,0.19230769230769232,0.7307692307692307,1.3076923076923077
161,44,Saben Lee,"Jan 6, '21, DET @ MIL",21,2,85,1385,168,387,22,83,117,160,38,184,281,68,25,91,120,475,0.434,0.265,0.731,16.3,5.6,2.2,3.3,DET,2021,42,8,1.9764705882352942,0.25882352941176473,1.3764705882352941,0.4470588235294118,1.7529411764705884,0.8,0.29411764705882354,1.0705882352941176,1.411764705882353
162,45,Kira Lewis Jr.,"Dec 29, '20, NOP @ PHO",19,2,78,1245,189,483,53,178,53,63,21,110,173,49,11,60,105,484,0.391,0.298,0.841,16.0,6.2,1.4,2.2,NOP,2020,41,18,2.423076923076923,0.6794871794871795,0.6794871794871795,0.2692307692307692,1.1307692307692307,0.6282051282051282,0.14102564102564102,0.7692307692307693,1.3461538461538463
163,46,Didi Louzada,"May 12, '21, NOP @ DAL",21,2,12,185,15,46,11,31,2,2,6,20,8,4,2,8,18,43,0.326,0.355,1.0,15.4,3.6,1.7,0.7,NOP,2021,42,18,1.25,0.9166666666666666,0.16666666666666666,0.5,1.2,0.3333333333333333,0.16666666666666666,0.6666666666666666,1.5
164,47,Will Magnay,"Mar 23, '21, NOP vs. LAL",22,1,1,3,0,1,0,1,0,0,0,0,0,0,0,1,1,0,0.0,0.0,0.0,3.0,0.0,0.0,0.0,NOP,2021,42,18,0.0,0.0,0.0,0.0,0.0,0.0,0.0,1.0,1.0
165,48,Théo Maledon,"Dec 26, '20, OKC @ CHO",19,2,116,2686,345,931,149,463,180,235,45,342,338,87,22,206,193,1019,0.371,0.322,0.766,23.2,8.8,2.9,2.9,OKC,2020,41,20,2.9741379310344827,1.2844827586206897,1.5517241379310345,0.3879310344827586,2.5120689655172415,0.75,0.1896551724137931,1.7758620689655173,1.6637931034482758
166,49,Karim Mané,"Dec 31, '20, ORL vs. PHI",20,1,10,88,3,13,1,2,4,5,1,14,4,0,2,3,10,11,0.231,0.5,0.8,8.8,1.1,1.4,0.4,ORL,2020,41,21,0.3,0.1,0.4,0.1,1.2999999999999998,0.0,0.2,0.3,1.0
167,50,Nico Mannion,"Jan 4, '21, GSW vs. SAC",19,1,30,364,39,114,22,60,23,28,6,46,70,16,1,31,29,123,0.342,0.367,0.821,12.1,4.1,1.5,2.3,GSW,2021,42,9,1.3,0.7333333333333333,0.7666666666666667,0.2,1.3,0.5333333333333333,0.03333333333333333,1.0333333333333334,0.9666666666666667
168,51,Naji Marshall,"Jan 15, '21, NOP @ LAL",23,2,87,1435,191,478,50,188,127,168,53,290,150,59,18,84,127,559,0.4,0.266,0.756,16.5,6.4,3.3,1.7,NOP,2021,42,18,2.1954022988505746,0.5747126436781609,1.4597701149425288,0.6091954022988506,2.690804597701149,0.6781609195402298,0.20689655172413793,0.9655172413793104,1.4597701149425288
169,52,Kenyon Martin Jr.,"Jan 8, '21, HOU vs. ORL",20,2,124,2724,441,841,95,264,138,207,153,539,149,64,81,98,202,1115,0.524,0.36,0.667,22.0,9.0,4.3,1.2,HOU,2021,42,10,3.556451612903226,0.7661290322580645,1.1129032258064515,1.2338709677419355,3.0661290322580643,0.5161290322580645,0.6532258064516129,0.7903225806451613,1.6290322580645162
170,53,Dakota Mathias,"Dec 27, '20, PHI @ CLE",25,2,14,139,21,54,10,32,2,6,1,9,14,2,3,1,8,54,0.389,0.313,0.333,9.9,3.9,0.6,1.0,PHI,2020,41,22,1.5,0.7142857142857143,0.14285714285714285,0.07142857142857142,0.5285714285714286,0.14285714285714285,0.21428571428571427,0.07142857142857142,0.5714285714285714
171,54,Tyrese Maxey,"Dec 23, '20, PHI vs. WAS",20,2,136,3585,681,1424,163,412,274,316,37,344,441,81,45,129,235,1799,0.478,0.396,0.867,26.4,13.2,2.5,3.2,PHI,2020,41,22,5.007352941176471,1.1985294117647058,2.014705882352941,0.27205882352941174,2.2279411764705883,0.5955882352941176,0.33088235294117646,0.9485294117647058,1.7279411764705883
172,55,Skylar Mays,"Dec 23, '20, ATL @ CHI",23,2,61,489,76,162,22,65,30,34,15,60,47,21,2,19,24,204,0.469,0.338,0.882,8.0,3.3,1.0,0.8,ATL,2020,41,0,1.2459016393442623,0.36065573770491804,0.4918032786885246,0.2459016393442623,0.7540983606557377,0.3442622950819672,0.03278688524590164,0.3114754098360656,0.39344262295081966
173,56,Jaden McDaniels,"Dec 27, '20, MIN @ LAL",20,2,133,3314,419,921,152,450,84,116,128,525,150,87,114,122,396,1074,0.455,0.338,0.724,24.9,8.1,3.9,1.1,MIN,2020,41,17,3.1503759398496243,1.1428571428571428,0.631578947368421,0.9624060150375939,2.937593984962406,0.6541353383458647,0.8571428571428571,0.9172932330827067,2.9774436090225564
174,57,Sean McDermott,"Dec 30, '20, MEM @ BOS",24,1,18,158,13,33,5,22,8,8,6,19,4,2,3,4,8,39,0.394,0.227,1.0,8.8,2.2,1.1,0.2,MEM,2020,41,14,0.7222222222222222,0.2777777777777778,0.4444444444444444,0.3333333333333333,0.7666666666666668,0.1111111111111111,0.16666666666666666,0.2222222222222222,0.4444444444444444
175,58,Sam Merrill,"Dec 23, '20, MIL @ BOS",24,2,36,291,40,96,28,70,6,8,7,37,25,8,1,12,20,114,0.417,0.4,0.75,8.1,3.2,1.0,0.7,MIL,2020,41,16,1.1111111111111112,0.7777777777777778,0.16666666666666666,0.19444444444444445,0.8055555555555556,0.2222222222222222,0.027777777777777776,0.3333333333333333,0.5555555555555556
176,59,Aaron Nesmith,"Dec 25, '20, BOS vs. BRK",21,2,98,1243,150,360,71,223,43,54,43,216,45,35,14,54,157,414,0.417,0.318,0.796,12.7,4.2,2.2,0.5,BOS,2020,41,1,1.530612244897959,0.7244897959183674,0.4387755102040816,0.4387755102040816,1.7612244897959186,0.35714285714285715,0.14285714285714285,0.5510204081632653,1.6020408163265305
177,60,Zeke Nnaji,"Dec 28, '20, DEN vs. HOU",20,2,83,1095,146,290,61,139,53,80,70,212,27,24,17,30,108,406,0.503,0.439,0.663,13.2,4.9,2.6,0.3,DEN,2020,41,7,1.7590361445783131,0.7349397590361446,0.6385542168674698,0.8433734939759037,1.7566265060240964,0.2891566265060241,0.20481927710843373,0.3614457831325301,1.3012048192771084
178,61,Jordan Nwora,"Dec 25, '20, MIL vs. GSW",22,2,92,1459,248,597,107,289,55,68,46,281,66,41,24,81,100,658,0.415,0.37,0.809,15.9,7.2,3.1,0.7,MIL,2020,41,16,2.6956521739130435,1.1630434782608696,0.5978260869565217,0.5,2.6,0.44565217391304346,0.2608695652173913,0.8804347826086957,1.0869565217391304
179,62,Chuma Okeke,"Dec 23, '20, ORL vs. MIA",22,2,115,2882,351,899,167,512,85,105,89,528,219,145,64,95,143,954,0.39,0.326,0.81,25.1,8.3,4.6,1.9,ORL,2020,41,21,3.0521739130434784,1.4521739130434783,0.7391304347826086,0.7739130434782608,3.826086956521739,1.2608695652173914,0.5565217391304348,0.8260869565217391,1.2434782608695651
180,63,Onyeka Okongwu,"Jan 15, '21, ATL @ UTA",20,2,98,1593,252,375,0,3,116,167,177,446,71,54,93,73,249,620,0.672,0.0,0.695,16.3,6.3,4.6,0.7,ATL,2021,42,0,2.5714285714285716,0.0,1.183673469387755,1.8061224489795917,2.793877551020408,0.5510204081632653,0.9489795918367347,0.7448979591836735,2.5408163265306123
181,64,Isaac Okoro,"Dec 23, '20, CLE vs. CHO",20,2,134,4154,442,990,117,371,233,312,140,407,249,118,46,144,349,1234,0.446,0.315,0.747,31.0,9.2,3.0,1.9,CLE,2020,41,5,3.298507462686567,0.8731343283582089,1.7388059701492538,1.044776119402985,1.955223880597015,0.8805970149253731,0.34328358208955223,1.0746268656716418,2.6044776119402986
182,65,Cameron Oliver,"May 10, '21, HOU @ POR",24,2,6,130,29,48,5,16,3,7,7,27,8,3,5,3,16,66,0.604,0.313,0.429,21.7,11.0,4.5,1.3,HOU,2021,42,10,4.833333333333333,0.8333333333333334,0.5,1.1666666666666667,3.333333333333333,0.5,0.8333333333333334,0.5,2.6666666666666665
183,66,Daniel Oturu,"Dec 25, '20, LAC @ DEN",21,2,33,188,25,58,1,6,12,17,22,53,10,4,9,9,25,63,0.431,0.167,0.706,5.7,1.9,1.6,0.3,LAC,2020,41,12,0.7575757575757576,0.030303030303030304,0.36363636363636365,0.6666666666666666,0.9333333333333335,0.12121212121212122,0.2727272727272727,0.2727272727272727,0.7575757575757576
184,67,Reggie Perry,"Dec 22, '20, BRK vs. GSW",20,2,36,398,72,157,7,37,19,28,42,120,26,15,12,26,73,170,0.459,0.189,0.679,11.1,4.7,3.3,0.7,BRK,2020,41,2,2.0,0.19444444444444445,0.5277777777777778,1.1666666666666667,2.133333333333333,0.4166666666666667,0.3333333333333333,0.7222222222222222,2.0277777777777777
185,68,Aleksej Pokusevski,"Dec 26, '20, OKC @ CHO",19,2,106,2323,325,864,115,404,66,92,103,530,228,59,80,193,146,831,0.376,0.285,0.717,21.9,7.8,5.0,2.2,OKC,2020,41,20,3.0660377358490565,1.0849056603773586,0.6226415094339622,0.9716981132075472,4.028301886792453,0.5566037735849056,0.7547169811320755,1.820754716981132,1.3773584905660377
186,69,Jontay Porter,"Mar 15, '21, MEM @ PHO",21,1,11,54,8,15,3,8,3,5,4,14,1,3,1,7,12,22,0.533,0.375,0.6,4.9,2.0,1.3,0.1,MEM,2021,42,14,0.7272727272727273,0.2727272727272727,0.2727272727272727,0.36363636363636365,0.9363636363636364,0.2727272727272727,0.09090909090909091,0.6363636363636364,1.0909090909090908
187,70,Payton Pritchard,"Dec 23, '20, BOS vs. MIL",23,2,137,2269,344,791,203,493,61,66,65,292,259,62,15,94,165,952,0.435,0.412,0.924,16.6,6.9,2.1,1.9,BOS,2020,41,1,2.510948905109489,1.4817518248175183,0.44525547445255476,0.4744525547445255,1.6255474452554746,0.45255474452554745,0.10948905109489052,0.6861313868613139,1.2043795620437956
188,71,Immanuel Quickley,"Dec 23, '20, NYK @ IND",21,2,142,3045,513,1304,255,699,332,375,56,384,402,84,15,157,281,1613,0.393,0.365,0.885,21.4,11.4,2.7,2.8,NYK,2020,41,19,3.612676056338028,1.795774647887324,2.3380281690140845,0.39436619718309857,2.3056338028169017,0.5915492957746479,0.1056338028169014,1.1056338028169015,1.9788732394366197
189,72,Jahmi'us Ramsey,"Dec 27, '20, SAC vs. PHO",19,2,32,228,39,96,10,37,12,19,6,23,13,5,2,8,18,100,0.406,0.27,0.632,7.1,3.1,0.7,0.4,SAC,2020,41,25,1.21875,0.3125,0.375,0.1875,0.5125,0.15625,0.0625,0.25,0.5625
190,73,Paul Reed,"Jan 4, '21, PHI vs. CHO",21,2,64,479,96,174,2,14,10,22,74,153,28,43,27,22,86,204,0.552,0.143,0.455,7.5,3.2,2.4,0.4,PHI,2021,42,22,1.5,0.03125,0.15625,1.15625,1.24375,0.671875,0.421875,0.34375,1.34375
191,74,Nick Richards,"Dec 30, '20, CHO @ DAL",23,2,68,430,64,99,0,1,37,54,38,97,15,9,21,27,58,165,0.646,0.0,0.685,6.3,2.4,1.4,0.2,CHH,2020,41,3,0.9411764705882353,0.0,0.5441176470588235,0.5588235294117647,0.8411764705882352,0.1323529411764706,0.3088235294117647,0.39705882352941174,0.8529411764705882
192,75,Grant Riller,"Apr 4, '21, CHO @ BOS",23,1,7,27,8,12,2,4,0,0,0,1,3,1,0,1,0,18,0.667,0.5,0.0,3.9,2.6,0.1,0.4,CHH,2021,42,3,1.1428571428571428,0.2857142857142857,0.0,0.0,0.1,0.14285714285714285,0.0,0.14285714285714285,0.0
193,76,Jay Scrubb,"May 11, '21, LAC @ TOR",20,2,22,205,32,82,8,30,12,15,4,30,9,8,3,14,14,84,0.39,0.267,0.8,9.3,3.8,1.4,0.4,LAC,2021,42,12,1.4545454545454546,0.36363636363636365,0.5454545454545454,0.18181818181818182,1.218181818181818,0.36363636363636365,0.13636363636363635,0.6363636363636364,0.6363636363636364
194,77,Deividas Sirvydis,"Jan 6, '21, DET @ MIL",20,2,23,160,15,50,11,35,3,6,0,35,6,5,1,5,13,44,0.3,0.314,0.5,7.0,1.9,1.5,0.3,DET,2021,42,8,0.6521739130434783,0.4782608695652174,0.13043478260869565,0.0,1.5,0.21739130434782608,0.043478260869565216,0.21739130434782608,0.5652173913043478
195,78,Jalen Smith,"Dec 23, '20, PHO vs. DAL",20,2,78,1081,198,400,44,139,83,109,108,344,28,16,46,49,112,523,0.495,0.317,0.761,13.9,6.7,4.4,0.4,PHO,2020,41,23,2.5384615384615383,0.5641025641025641,1.064102564102564,1.3846153846153846,3.0153846153846158,0.20512820512820512,0.5897435897435898,0.6282051282051282,1.435897435897436
196,79,Cassius Stanley,"Dec 26, '20, IND @ CHI",21,2,33,248,32,89,7,30,17,19,13,39,5,6,4,7,31,88,0.36,0.233,0.895,7.5,2.7,1.2,0.2,IND,2020,41,11,0.9696969696969697,0.21212121212121213,0.5151515151515151,0.3939393939393939,0.806060606060606,0.18181818181818182,0.12121212121212122,0.21212121212121213,0.9393939393939394
197,80,Lamar Stevens,"Dec 27, '20, CLE vs. PHI",23,2,103,1514,218,455,22,90,90,126,71,260,69,48,31,64,159,548,0.479,0.244,0.714,14.7,5.3,2.5,0.7,CLE,2020,41,5,2.116504854368932,0.21359223300970873,0.8737864077669902,0.6893203883495146,1.8106796116504853,0.46601941747572817,0.30097087378640774,0.6213592233009708,1.5436893203883495
198,81,Isaiah Stewart,"Dec 28, '20, DET @ ATL",19,2,139,3271,476,899,36,109,138,195,385,1070,141,61,164,152,395,1126,0.529,0.33,0.708,23.5,8.1,7.7,1.0,DET,2020,41,8,3.4244604316546763,0.2589928057553957,0.9928057553956835,2.7697841726618706,4.930215827338129,0.43884892086330934,1.1798561151079137,1.0935251798561152,2.841726618705036
199,82,Jae'Sean Tate,"Dec 26, '20, HOU @ POR",25,2,148,4099,679,1354,123,397,232,331,267,794,400,157,77,237,508,1713,0.501,0.31,0.701,27.7,11.6,5.4,2.7,HOU,2020,41,10,4.587837837837838,0.831081081081081,1.5675675675675675,1.804054054054054,3.5959459459459464,1.0608108108108107,0.5202702702702703,1.6013513513513513,3.4324324324324325
200,83,Tyrell Terry,"Dec 25, '20, DAL @ LAL",20,2,13,59,6,17,0,7,1,3,0,6,6,5,0,2,3,13,0.353,0.0,0.333,4.5,1.0,0.5,0.5,DAL,2020,41,6,0.46153846153846156,0.0,0.07692307692307693,0.0,0.5,0.38461538461538464,0.0,0.15384615384615385,0.23076923076923078
201,84,Brodric Thomas,"Dec 26, '20, HOU @ POR",24,2,44,459,47,126,18,68,34,51,10,63,41,16,11,28,47,146,0.373,0.265,0.667,10.4,3.3,1.4,0.9,HOU,2020,41,10,1.0681818181818181,0.4090909090909091,0.7727272727272727,0.22727272727272727,1.1727272727272726,0.36363636363636365,0.25,0.6363636363636364,1.0681818181818181
202,85,Killian Tillie,"Feb 28, '21, MEM @ HOU",22,2,54,643,62,184,37,119,14,19,27,84,30,28,23,15,78,175,0.337,0.311,0.737,11.9,3.2,1.6,0.6,MEM,2021,42,14,1.1481481481481481,0.6851851851851852,0.25925925925925924,0.5,1.1,0.5185185185185185,0.42592592592592593,0.2777777777777778,1.4444444444444444
203,86,Xavier Tillman Sr.,"Jan 3, '21, MEM vs. LAL",22,2,112,1786,265,515,32,114,80,124,140,417,137,93,48,79,179,642,0.515,0.281,0.645,15.9,5.7,3.7,1.2,MEM,2021,42,14,2.3660714285714284,0.2857142857142857,0.7142857142857143,1.25,2.45,0.8303571428571429,0.42857142857142855,0.7053571428571429,1.5982142857142858
204,87,Obi Toppin,"Dec 23, '20, NYK @ IND",22,2,134,1913,355,682,78,254,113,150,95,406,106,42,48,79,157,901,0.521,0.307,0.753,14.3,6.7,3.0,0.8,NYK,2020,41,19,2.6492537313432836,0.582089552238806,0.8432835820895522,0.7089552238805971,2.291044776119403,0.31343283582089554,0.3582089552238806,0.5895522388059702,1.171641791044776
205,88,Devin Vassell,"Dec 23, '20, SAS @ MEM",20,2,133,2993,449,1067,189,530,126,150,68,480,192,119,59,80,231,1213,0.421,0.357,0.84,22.5,9.1,3.6,1.4,SAS,2020,41,26,3.3759398496240602,1.4210526315789473,0.9473684210526315,0.5112781954887218,3.0887218045112785,0.8947368421052632,0.44360902255639095,0.6015037593984962,1.736842105263158
206,89,Greg Whittington,"Feb 27, '21, DEN @ OKC",27,1,4,12,0,3,0,2,0,0,0,0,0,0,0,0,0,0,0.0,0.0,0.0,3.0,0.0,0.0,0.0,DEN,2021,42,7,0.0,0.0,0.0,0.0,0.0,0.0,0.0,0.0,0.0
207,90,Patrick Williams,"Dec 23, '20, CHI vs. ATL",19,2,88,2405,309,630,69,167,121,166,83,396,114,73,55,114,154,808,0.49,0.413,0.729,27.3,9.2,4.5,1.3,CHI,2020,41,4,3.5113636363636362,0.7840909090909091,1.375,0.9431818181818182,3.5568181818181817,0.8295454545454546,0.625,1.2954545454545454,1.75
208,91,Dylan Windler,"Dec 23, '20, CLE vs. CHO",24,2,81,972,94,228,47,147,36,45,41,196,67,33,15,48,84,271,0.412,0.32,0.8,12.0,3.3,2.4,0.8,CLE,2020,41,5,1.1604938271604939,0.5802469135802469,0.4444444444444444,0.5061728395061729,1.893827160493827,0.4074074074074074,0.18518518518518517,0.5925925925925926,1.037037037037037
209,92,Cassius Winston,"Jan 11, '21, WAS vs. PHO",22,2,29,137,18,44,10,23,9,10,0,10,19,2,1,8,17,55,0.409,0.435,0.9,4.7,1.9,0.3,0.7,WSH,2021,42,29,0.6206896551724138,0.3448275862068966,0.3103448275862069,0.0,0.3,0.06896551724137931,0.034482758620689655,0.27586206896551724,0.5862068965517241
210,93,James Wiseman,"Dec 22, '20, GSW @ BRK",19,1,39,836,191,368,12,38,54,86,55,226,26,11,36,60,121,448,0.519,0.316,0.628,21.4,11.5,5.8,0.7,GSW,2020,41,9,4.897435897435898,0.3076923076923077,1.3846153846153846,1.4102564102564104,4.389743589743589,0.28205128205128205,0.9230769230769231,1.5384615384615385,3.1025641025641026
211,94,Robert Woodard II,"Dec 27, '20, SAC vs. PHO",21,2,25,87,10,36,2,10,5,10,9,27,5,1,4,2,7,27,0.278,0.2,0.5,3.5,1.1,1.1,0.2,SAC,2020,41,25,0.4,0.08,0.2,0.36,0.7400000000000001,0.04,0.16,0.08,0.28
212,1,Santi Aldama,"Oct 27, '21, MEM @ POR",21,1,32,360,53,132,6,48,20,32,33,87,21,6,10,16,36,132,0.402,0.125,0.625,11.3,4.1,2.7,0.7,MEM,2021,42,14,1.65625,0.1875,0.625,1.03125,1.6687500000000002,0.1875,0.3125,0.5,1.125
213,2,Jose Alvarado,"Nov 3, '21, NOP @ SAC",23,1,54,834,131,294,32,110,36,53,25,100,152,71,7,40,73,330,0.446,0.291,0.679,15.4,6.1,1.9,2.8,NOP,2021,42,18,2.425925925925926,0.5925925925925926,0.6666666666666666,0.46296296296296297,1.437037037037037,1.3148148148148149,0.12962962962962962,0.7407407407407407,1.3518518518518519
214,3,Joel Ayayi,"Oct 25, '21, WAS @ BRK",21,1,7,20,1,6,0,1,0,0,1,3,4,0,0,0,0,2,0.167,0.0,0.0,2.9,0.3,0.4,0.6,WSH,2021,42,29,0.14285714285714285,0.0,0.0,0.14285714285714285,0.2571428571428572,0.0,0.0,0.0,0.0
215,4,Dalano Banton,"Oct 20, '21, TOR vs. WAS",22,1,64,696,83,202,13,51,26,44,38,124,99,28,10,53,68,205,0.411,0.255,0.591,10.9,3.2,1.9,1.5,TOR,2021,42,27,1.296875,0.203125,0.40625,0.59375,1.30625,0.4375,0.15625,0.828125,1.0625
216,5,Cat Barber,"Dec 25, '21, ATL @ NYK",27,1,3,13,0,4,0,0,0,4,1,3,3,0,0,1,1,0,0.0,0.0,0.0,4.3,0.0,1.0,1.0,ATL,2021,42,0,0.0,0.0,0.0,0.3333333333333333,0.6666666666666667,0.0,0.0,0.3333333333333333,0.3333333333333333
217,6,Scottie Barnes,"Oct 20, '21, TOR vs. WAS",20,1,74,2617,459,932,58,193,158,215,195,557,256,80,55,136,192,1134,0.492,0.301,0.735,35.4,15.3,7.5,3.5,TOR,2021,42,27,6.202702702702703,0.7837837837837838,2.135135135135135,2.635135135135135,4.864864864864865,1.0810810810810811,0.7432432432432432,1.837837837837838,2.5945945945945947
218,7,Paris Bass,"Jan 2, '22, PHO @ CHO",26,1,2,7,2,6,0,2,2,2,2,4,0,1,0,2,2,6,0.333,0.0,1.0,3.5,3.0,2.0,0.0,PHO,2022,43,23,1.0,0.0,1.0,1.0,1.0,0.5,0.0,1.0,1.0
219,8,Charles Bassey,"Oct 20, '21, PHI @ NOP",21,1,23,168,30,47,0,4,9,12,22,62,7,5,17,8,32,69,0.638,0.0,0.75,7.3,3.0,2.7,0.3,PHI,2021,42,22,1.3043478260869565,0.0,0.391304347826087,0.9565217391304348,1.7434782608695654,0.21739130434782608,0.7391304347826086,0.34782608695652173,1.391304347826087
220,9,Leandro Bolmaro,"Oct 20, '21, MIN vs. HOU",21,1,35,241,17,54,5,18,11,13,16,43,21,6,0,13,26,50,0.315,0.278,0.846,6.9,1.4,1.2,0.6,MIN,2021,42,17,0.4857142857142857,0.14285714285714285,0.3142857142857143,0.45714285714285713,0.7428571428571429,0.17142857142857143,0.0,0.37142857142857144,0.7428571428571429
221,10,Brandon Boston Jr.,"Oct 25, '21, LAC vs. POR",20,1,51,760,125,325,34,111,59,72,17,111,51,26,13,31,43,343,0.385,0.306,0.819,14.9,6.7,2.2,1.0,LAC,2021,42,12,2.450980392156863,0.6666666666666666,1.1568627450980393,0.3333333333333333,1.866666666666667,0.5098039215686274,0.2549019607843137,0.6078431372549019,0.8431372549019608
222,11,James Bouknight,"Oct 22, '21, CHO @ CLE",21,1,31,304,49,141,17,49,27,31,22,52,26,7,1,15,29,142,0.348,0.347,0.871,9.8,4.6,1.7,0.8,CHH,2021,42,3,1.5806451612903225,0.5483870967741935,0.8709677419354839,0.7096774193548387,0.9903225806451612,0.22580645161290322,0.03225806451612903,0.4838709677419355,0.9354838709677419
223,12,Chaundee Brown Jr.,"Dec 17, '21, LAL @ MIN",23,1,5,104,10,32,6,18,5,6,1,16,4,2,0,1,7,31,0.313,0.333,0.833,20.8,6.2,3.2,0.8,LAL,2021,42,13,2.0,1.2,1.0,0.2,3.0,0.4,0.0,0.2,1.4
224,13,Greg Brown III,"Oct 23, '21, POR vs. PHO",20,1,48,640,81,190,19,61,44,65,38,135,35,26,24,36,90,225,0.426,0.311,0.677,13.3,4.7,2.8,0.7,POR,2021,42,24,1.6875,0.3958333333333333,0.9166666666666666,0.7916666666666666,2.0083333333333333,0.5416666666666666,0.5,0.75,1.875
225,14,Shaq Buchanan,"Dec 26, '21, MEM @ SAC",25,1,2,10,1,4,0,2,0,0,1,2,2,1,0,2,1,2,0.25,0.0,0.0,5.0,1.0,1.0,1.0,MEM,2021,42,14,0.5,0.0,0.0,0.5,0.5,0.5,0.0,1.0,0.5
226,15,Jared Butler,"Oct 20, '21, UTA vs. OKC",21,1,42,360,61,151,28,88,11,16,5,45,63,17,8,33,47,161,0.404,0.318,0.688,8.6,3.8,1.1,1.5,UTA,2021,42,28,1.4523809523809523,0.6666666666666666,0.2619047619047619,0.11904761904761904,0.980952380952381,0.40476190476190477,0.19047619047619047,0.7857142857142857,1.119047619047619
227,16,Ahmad Caver,"Jan 5, '22, IND vs. BRK",25,1,1,1,1,1,0,0,0,0,0,0,0,0,0,0,0,2,1.0,0.0,0.0,1.0,2.0,0.0,0.0,IND,2022,43,11,1.0,0.0,0.0,0.0,0.0,0.0,0.0,0.0,0.0
228,17,Justin Champagnie,"Oct 22, '21, TOR @ BOS",20,1,36,281,31,67,10,28,9,9,37,72,11,8,4,8,32,81,0.463,0.357,1.0,7.8,2.3,2.0,0.3,TOR,2021,42,27,0.8611111111111112,0.2777777777777778,0.25,1.0277777777777777,0.9722222222222223,0.2222222222222222,0.1111111111111111,0.2222222222222222,0.8888888888888888
229,18,Josh Christopher,"Oct 20, '21, HOU @ MIN",20,1,74,1334,224,500,56,189,83,113,52,186,150,65,13,114,97,587,0.448,0.296,0.735,18.0,7.9,2.5,2.0,HOU,2021,42,10,3.027027027027027,0.7567567567567568,1.1216216216216217,0.7027027027027027,1.7972972972972974,0.8783783783783784,0.17567567567567569,1.5405405405405406,1.3108108108108107
230,19,Sharife Cooper,"Oct 21, '21, ATL vs. DAL",20,1,13,39,3,14,1,6,0,0,0,5,5,0,0,5,1,7,0.214,0.167,0.0,3.0,0.5,0.4,0.4,ATL,2021,42,0,0.23076923076923078,0.07692307692307693,0.0,0.0,0.4,0.0,0.0,0.38461538461538464,0.07692307692307693
231,20,Petr Cornelie,"Oct 25, '21, DEN vs. CLE",26,1,13,38,5,15,1,8,3,4,7,14,3,1,1,4,7,14,0.333,0.125,0.75,2.9,1.1,1.1,0.2,DEN,2021,42,7,0.38461538461538464,0.07692307692307693,0.23076923076923078,0.5384615384615384,0.5615384615384617,0.07692307692307693,0.07692307692307693,0.3076923076923077,0.5384615384615384
232,21,Jarron Cumberland,"Dec 27, '21, POR vs. DAL",24,1,3,12,1,2,0,1,0,0,1,3,1,0,0,0,2,2,0.5,0.0,0.0,4.0,0.7,1.0,0.3,POR,2021,42,24,0.3333333333333333,0.0,0.0,0.3333333333333333,0.6666666666666667,0.0,0.0,0.0,0.6666666666666666
233,22,Cade Cunningham,"Oct 30, '21, DET vs. ORL",20,1,64,2088,429,1031,114,363,142,168,58,354,356,78,43,234,200,1114,0.416,0.314,0.845,32.6,17.4,5.5,5.6,DET,2021,42,8,6.703125,1.78125,2.21875,0.90625,4.59375,1.21875,0.671875,3.65625,3.125
234,23,Javin DeLaurier,"Jan 1, '22, MIL vs. NOP",23,1,1,3,0,0,0,0,0,0,0,1,0,1,0,0,1,0,0.0,0.0,0.0,3.0,0.0,1.0,0.0,MIL,2022,43,16,0.0,0.0,0.0,0.0,1.0,1.0,0.0,0.0,1.0
235,24,Ayo Dosunmu,"Oct 20, '21, CHI @ DET",22,1,77,2110,278,535,70,186,53,78,27,214,256,60,29,108,182,679,0.52,0.376,0.679,27.4,8.8,2.8,3.3,CHI,2021,42,4,3.6103896103896105,0.9090909090909091,0.6883116883116883,0.35064935064935066,2.449350649350649,0.7792207792207793,0.37662337662337664,1.4025974025974026,2.3636363636363638
236,25,Jeff Dowtin,"Nov 3, '21, GSW vs. CHO",24,1,9,108,8,26,1,9,2,2,8,18,10,5,1,5,5,19,0.308,0.111,1.0,12.0,2.1,2.0,1.1,GSW,2021,42,9,0.8888888888888888,0.1111111111111111,0.2222222222222222,0.8888888888888888,1.1111111111111112,0.5555555555555556,0.1111111111111111,0.5555555555555556,0.5555555555555556
237,26,Chris Duarte,"Oct 20, '21, IND @ CHO",24,1,55,1541,268,621,94,255,90,112,41,226,114,56,10,90,95,720,0.432,0.369,0.804,28.0,13.1,4.1,2.1,IND,2021,42,11,4.872727272727273,1.709090909090909,1.6363636363636365,0.7454545454545455,3.354545454545454,1.018181818181818,0.18181818181818182,1.6363636363636365,1.7272727272727273
238,27,David Duke Jr.,"Dec 8, '21, BRK @ HOU",22,1,22,341,39,108,9,37,17,21,30,67,17,14,7,9,36,104,0.361,0.243,0.81,15.5,4.7,3.0,0.8,BRK,2021,42,2,1.7727272727272727,0.4090909090909091,0.7727272727272727,1.3636363636363635,1.6363636363636365,0.6363636363636364,0.3181818181818182,0.4090909090909091,1.6363636363636365
239,28,Jaime Echenique,"Dec 30, '21, WAS vs. CLE",24,1,1,3,0,0,0,0,0,0,0,0,0,0,0,0,0,0,0.0,0.0,0.0,3.0,0.0,0.0,0.0,WSH,2021,42,29,0.0,0.0,0.0,0.0,0.0,0.0,0.0,0.0,0.0
240,29,Kessler Edwards,"Nov 16, '21, BRK vs. GSW",21,1,48,987,110,267,48,136,16,19,44,172,31,29,24,42,85,284,0.412,0.353,0.842,20.6,5.9,3.6,0.6,BRK,2021,42,2,2.2916666666666665,1.0,0.3333333333333333,0.9166666666666666,2.6833333333333336,0.6041666666666666,0.5,0.875,1.7708333333333333
241,30,Rob Edwards,"Dec 29, '21, OKC @ PHO",25,1,2,11,1,4,1,4,0,0,0,3,0,0,0,1,0,3,0.25,0.25,0.0,5.5,1.5,1.5,0.0,OKC,2021,42,20,0.5,0.5,0.0,0.0,1.5,0.0,0.0,0.5,0.0
242,31,Aleem Ford,"Dec 17, '21, ORL vs. MIA",24,1,5,74,6,20,2,15,0,0,2,15,2,1,0,4,7,14,0.3,0.133,0.0,14.8,2.8,3.0,0.4,ORL,2021,42,21,1.2,0.4,0.0,0.4,2.6,0.2,0.0,0.8,1.4
243,32,Marcus Garrett,"Oct 21, '21, MIA vs. MIL",23,1,12,128,5,21,1,4,2,5,9,23,7,5,3,2,16,13,0.238,0.25,0.4,10.7,1.1,1.9,0.6,MIA,2021,42,15,0.4166666666666667,0.08333333333333333,0.16666666666666666,0.75,1.15,0.4166666666666667,0.25,0.16666666666666666,1.3333333333333333
244,33,Usman Garuba,"Oct 20, '21, HOU @ MIN",19,1,24,239,19,44,5,20,5,7,21,83,17,10,11,6,28,48,0.432,0.25,0.714,10.0,2.0,3.5,0.7,HOU,2021,42,10,0.7916666666666666,0.20833333333333334,0.20833333333333334,0.875,2.625,0.4166666666666667,0.4583333333333333,0.25,1.1666666666666667
245,34,Luka Garza,"Oct 23, '21, DET @ CHI",23,1,32,389,66,147,16,49,38,61,58,100,20,9,6,18,55,186,0.449,0.327,0.623,12.2,5.8,3.1,0.6,DET,2021,42,8,2.0625,0.5,1.1875,1.8125,1.2875,0.28125,0.1875,0.5625,1.71875
246,35,Josh Giddey,"Oct 20, '21, OKC @ UTA",19,1,54,1700,281,670,56,213,56,79,98,421,345,51,20,171,88,674,0.419,0.263,0.709,31.5,12.5,7.8,6.4,OKC,2021,42,20,5.203703703703703,1.037037037037037,1.037037037037037,1.8148148148148149,5.985185185185185,0.9444444444444444,0.37037037037037035,3.1666666666666665,1.6296296296296295
247,36,Jordan Goodwin,"Dec 28, '21, WAS @ MIA",23,1,2,6,0,3,0,1,0,0,0,1,0,0,0,0,1,0,0.0,0.0,0.0,3.0,0.0,0.5,0.0,WSH,2021,42,29,0.0,0.0,0.0,0.0,0.5,0.0,0.0,0.0,0.5
248,37,Hassani Gravett,"Dec 17, '21, ORL vs. MIA",25,1,8,171,18,38,11,26,3,4,1,21,20,5,1,9,13,50,0.474,0.423,0.75,21.4,6.3,2.6,2.5,ORL,2021,42,21,2.25,1.375,0.375,0.125,2.475,0.625,0.125,1.125,1.625
249,38,Jalen Green,"Oct 20, '21, HOU @ MIN",19,1,67,2138,406,954,157,458,188,236,33,226,176,44,18,135,103,1157,0.426,0.343,0.797,31.9,17.3,3.4,2.6,HOU,2021,42,10,6.059701492537314,2.343283582089552,2.8059701492537314,0.4925373134328358,2.9074626865671642,0.6567164179104478,0.26865671641791045,2.014925373134328,1.537313432835821
250,39,Quentin Grimes,"Oct 20, '21, NYK vs. BOS",21,1,46,786,95,235,72,189,13,19,24,94,44,31,11,28,72,275,0.404,0.381,0.684,17.1,6.0,2.0,1.0,NYK,2021,42,19,2.0652173913043477,1.565217391304348,0.2826086956521739,0.5217391304347826,1.4782608695652173,0.6739130434782609,0.2391304347826087,0.6086956521739131,1.565217391304348
251,40,Tyler Hall,"Dec 25, '21, NYK vs. ATL",24,1,1,2,0,0,0,0,0,0,0,0,0,0,0,0,0,0,0.0,0.0,0.0,2.0,0.0,0.0,0.0,NYK,2021,42,19,0.0,0.0,0.0,0.0,0.0,0.0,0.0,0.0,0.0
252,41,Sam Hauser,"Nov 20, '21, BOS vs. OKC",24,1,26,158,23,50,19,44,0,0,5,29,10,1,2,2,7,65,0.46,0.432,0.0,6.1,2.5,1.1,0.4,BOS,2021,42,1,0.8846153846153846,0.7307692307692307,0.0,0.19230769230769232,0.9076923076923078,0.038461538461538464,0.07692307692307693,0.07692307692307693,0.2692307692307692
253,42,Aaron Henry,"Oct 20, '21, PHI @ NOP",22,1,6,17,1,5,0,1,0,0,0,1,0,0,2,2,2,2,0.2,0.0,0.0,2.8,0.3,0.2,0.0,PHI,2021,42,22,0.16666666666666666,0.0,0.0,0.0,0.2,0.0,0.3333333333333333,0.3333333333333333,0.3333333333333333
254,43,Malcolm Hill,"Dec 25, '21, ATL @ NYK",26,1,19,212,24,52,13,36,11,14,11,35,8,7,3,3,24,72,0.462,0.361,0.786,11.2,3.8,1.8,0.4,ATL,2021,42,0,1.263157894736842,0.6842105263157895,0.5789473684210527,0.5789473684210527,1.2210526315789474,0.3684210526315789,0.15789473684210525,0.15789473684210525,1.263157894736842
255,44,Jay Huff,"Nov 6, '21, LAL @ POR",23,1,4,20,0,3,0,2,0,0,1,4,1,1,1,1,1,0,0.0,0.0,0.0,5.0,0.0,1.0,0.3,LAL,2021,42,13,0.0,0.0,0.0,0.25,0.75,0.25,0.25,0.25,0.25
256,45,Feron Hunt,"Apr 8, '22, NYK @ WAS",22,1,2,8,0,2,0,0,0,0,1,1,1,1,0,1,1,0,0.0,0.0,0.0,4.0,0.0,0.5,0.5,NYK,2022,43,19,0.0,0.0,0.0,0.5,0.0,0.5,0.0,0.5,0.5
257,46,Bones Hyland,"Oct 25, '21, DEN vs. CLE",21,1,69,1310,230,571,131,358,107,125,14,188,191,41,20,86,153,698,0.403,0.366,0.856,19.0,10.1,2.7,2.8,DEN,2021,42,7,3.3333333333333335,1.8985507246376812,1.5507246376811594,0.2028985507246377,2.4971014492753625,0.5942028985507246,0.2898550724637681,1.2463768115942029,2.217391304347826
258,47,Isaiah Jackson,"Oct 23, '21, IND vs. MIA",20,1,36,541,116,206,5,16,60,88,60,149,10,25,52,40,92,297,0.563,0.313,0.682,15.0,8.3,4.1,0.3,IND,2021,42,11,3.2222222222222223,0.1388888888888889,1.6666666666666667,1.6666666666666667,2.4333333333333327,0.6944444444444444,1.4444444444444444,1.1111111111111112,2.5555555555555554
259,48,DeJon Jarreau,"Oct 29, '21, IND @ BRK",24,1,1,1,0,0,0,0,0,0,0,0,0,0,0,0,0,0,0.0,0.0,0.0,1.0,0.0,0.0,0.0,IND,2021,42,11,0.0,0.0,0.0,0.0,0.0,0.0,0.0,0.0,0.0
260,49,David Johnson,"Oct 27, '21, TOR vs. IND",20,1,2,2,0,1,0,1,0,0,0,0,0,0,0,0,0,0,0.0,0.0,0.0,1.0,0.0,0.0,0.0,TOR,2021,42,27,0.0,0.0,0.0,0.0,0.0,0.0,0.0,0.0,0.0
261,50,Jalen Johnson,"Oct 21, '21, ATL vs. DAL",20,1,22,120,22,41,3,13,5,7,2,26,3,3,2,9,9,52,0.537,0.231,0.714,5.5,2.4,1.2,0.1,ATL,2021,42,0,1.0,0.13636363636363635,0.22727272727272727,0.09090909090909091,1.1090909090909091,0.13636363636363635,0.09090909090909091,0.4090909090909091,0.4090909090909091
262,51,Keon Johnson,"Nov 7, '21, LAC vs. CHO",19,1,37,697,96,272,34,100,41,51,24,81,76,28,12,46,69,267,0.353,0.34,0.804,18.8,7.2,2.2,2.1,LAC,2021,42,12,2.5945945945945947,0.918918918918919,1.1081081081081081,0.6486486486486487,1.5513513513513515,0.7567567567567568,0.32432432432432434,1.2432432432432432,1.864864864864865
263,52,Carlik Jones,"Dec 23, '21, DAL vs. MIL",24,1,5,23,1,9,0,1,2,2,1,3,5,1,0,3,0,4,0.111,0.0,1.0,4.6,0.8,0.6,1.0,DAL,2021,42,6,0.2,0.0,0.4,0.2,0.39999999999999997,0.2,0.0,0.6,0.0
264,53,Herbert Jones,"Oct 20, '21, NOP vs. PHI",23,1,78,2335,274,576,57,169,137,163,98,296,167,130,60,100,238,742,0.476,0.337,0.84,29.9,9.5,3.8,2.1,NOP,2021,42,18,3.5128205128205128,0.7307692307692307,1.7564102564102564,1.2564102564102564,2.5435897435897434,1.6666666666666667,0.7692307692307693,1.2820512820512822,3.051282051282051
265,54,Kai Jones,"Oct 22, '21, CHO @ CLE",21,1,21,63,9,14,1,2,3,8,3,11,4,1,2,6,8,22,0.643,0.5,0.375,3.0,1.0,0.5,0.2,CHH,2021,42,3,0.42857142857142855,0.047619047619047616,0.14285714285714285,0.14285714285714285,0.35714285714285715,0.047619047619047616,0.09523809523809523,0.2857142857142857,0.38095238095238093
266,55,Georgios Kalaitzakis,"Oct 19, '21, MIL vs. BRK",23,1,13,214,31,67,10,26,14,30,6,21,12,11,2,20,19,86,0.463,0.385,0.467,16.5,6.6,1.6,0.9,MIL,2021,42,16,2.3846153846153846,0.7692307692307693,1.0769230769230769,0.46153846153846156,1.1384615384615384,0.8461538461538461,0.15384615384615385,1.5384615384615385,1.4615384615384615
267,56,Braxton Key,"Jan 7, '22, PHI vs. SAS",24,1,11,197,33,72,6,21,7,13,13,50,11,10,11,11,26,79,0.458,0.286,0.538,17.9,7.2,4.5,1.0,PHI,2022,43,22,3.0,0.5454545454545454,0.6363636363636364,1.1818181818181819,3.3181818181818183,0.9090909090909091,1.0,1.0,2.3636363636363638
268,57,Corey Kispert,"Oct 22, '21, WAS vs. IND",22,1,77,1801,234,514,112,320,54,62,53,209,85,35,22,50,93,634,0.455,0.35,0.871,23.4,8.2,2.7,1.1,WSH,2021,42,29,3.038961038961039,1.4545454545454546,0.7012987012987013,0.6883116883116883,2.011688311688312,0.45454545454545453,0.2857142857142857,0.6493506493506493,1.2077922077922079
269,58,Vit Krejci,"Oct 20, '21, OKC @ UTA",21,1,30,690,68,167,32,98,19,22,18,101,57,19,8,29,65,187,0.407,0.327,0.864,23.0,6.2,3.4,1.9,OKC,2021,42,20,2.2666666666666666,1.0666666666666667,0.6333333333333333,0.6,2.8,0.6333333333333333,0.26666666666666666,0.9666666666666667,2.1666666666666665
270,59,Arnoldas Kulboka,"Dec 10, '21, CHO vs. SAC",24,1,2,5,0,1,0,1,0,0,0,0,0,0,0,0,1,0,0.0,0.0,0.0,2.5,0.0,0.0,0.0,CHH,2021,42,3,0.0,0.0,0.0,0.0,0.0,0.0,0.0,0.0,0.5
271,60,Jonathan Kuminga,"Oct 30, '21, GSW vs. OKC",19,1,70,1185,236,460,50,149,130,190,54,234,64,31,22,74,146,652,0.513,0.336,0.684,16.9,9.3,3.3,0.9,GSW,2021,42,9,3.3714285714285714,0.7142857142857143,1.8571428571428572,0.7714285714285715,2.5285714285714285,0.44285714285714284,0.3142857142857143,1.0571428571428572,2.085714285714286
272,61,Jock Landale,"Oct 20, '21, SAS vs. ORL",26,1,54,589,101,204,29,89,34,41,63,138,45,10,14,31,53,265,0.495,0.326,0.829,10.9,4.9,2.6,0.8,SAS,2021,42,26,1.8703703703703705,0.5370370370370371,0.6296296296296297,1.1666666666666667,1.4333333333333333,0.18518518518518517,0.25925925925925924,0.5740740740740741,0.9814814814814815
273,62,Scottie Lewis,"Dec 13, '21, CHO @ DAL",21,1,2,7,0,0,0,0,1,2,0,0,1,1,0,0,0,1,0.0,0.0,0.5,3.5,0.5,0.0,0.5,CHH,2021,42,3,0.0,0.0,0.5,0.0,0.0,0.5,0.0,0.0,0.0
274,63,Isaiah Livers,"Dec 16, '21, DET @ IND",23,1,19,383,41,90,27,64,12,14,15,57,21,13,7,15,37,121,0.456,0.422,0.857,20.2,6.4,3.0,1.1,DET,2021,42,8,2.1578947368421053,1.4210526315789473,0.631578947368421,0.7894736842105263,2.2105263157894735,0.6842105263157895,0.3684210526315789,0.7894736842105263,1.9473684210526316
275,64,Gabriel Lundberg,"Apr 3, '22, PHO @ OKC",27,1,4,44,5,19,3,8,0,0,2,7,11,3,0,3,7,13,0.263,0.375,0.0,11.0,3.3,1.8,2.8,PHO,2022,43,23,1.25,0.75,0.0,0.5,1.3,0.75,0.0,0.75,1.75
276,65,Sandro Mamukelashvili,"Oct 19, '21, MIL vs. BRK",22,1,41,407,57,115,22,52,18,22,35,82,22,9,9,15,28,154,0.496,0.423,0.818,9.9,3.8,2.0,0.5,MIL,2021,42,16,1.3902439024390243,0.5365853658536586,0.43902439024390244,0.8536585365853658,1.1463414634146343,0.21951219512195122,0.21951219512195122,0.36585365853658536,0.6829268292682927
277,66,Tre Mann,"Oct 20, '21, OKC @ UTA",20,1,60,1367,231,588,98,272,65,82,25,171,91,47,12,71,102,625,0.393,0.36,0.793,22.8,10.4,2.9,1.5,OKC,2021,42,20,3.85,1.6333333333333333,1.0833333333333333,0.4166666666666667,2.4833333333333334,0.7833333333333333,0.2,1.1833333333333333,1.7
278,67,Miles McBride,"Oct 22, '21, NYK @ ORL",21,1,40,372,32,108,17,68,8,12,4,42,41,14,1,5,45,89,0.296,0.25,0.667,9.3,2.2,1.1,1.0,NYK,2021,42,19,0.8,0.425,0.2,0.1,1.0,0.35,0.025,0.125,1.125
279,68,Mac McClung,"Dec 29, '21, CHI vs. ATL",23,1,2,25,3,6,1,3,1,1,0,3,1,1,1,3,5,8,0.5,0.333,1.0,12.5,4.0,1.5,0.5,CHI,2021,42,4,1.5,0.5,0.5,0.0,1.5,0.5,0.5,1.5,2.5
280,69,Cameron McGriff,"Dec 27, '21, POR vs. DAL",24,1,3,46,5,14,2,6,2,2,6,15,3,0,1,0,7,14,0.357,0.333,1.0,15.3,4.7,5.0,1.0,POR,2021,42,24,1.6666666666666667,0.6666666666666666,0.6666666666666666,2.0,3.0,0.0,0.3333333333333333,0.0,2.3333333333333335
281,70,JaQuori McLaughlin,"Nov 2, '21, DAL vs. MIA",24,1,4,11,0,2,0,1,0,0,0,0,2,0,0,0,1,0,0.0,0.0,0.0,2.8,0.0,0.0,0.5,DAL,2021,42,6,0.0,0.0,0.0,0.0,0.0,0.0,0.0,0.0,0.25
282,71,Davion Mitchell,"Oct 20, '21, SAC @ POR",23,1,75,2076,352,843,101,320,56,85,33,166,313,55,24,114,141,861,0.418,0.316,0.659,27.7,11.5,2.2,4.2,SAC,2021,42,25,4.693333333333333,1.3466666666666667,0.7466666666666667,0.44,1.7600000000000002,0.7333333333333333,0.32,1.52,1.88
283,72,Evan Mobley,"Oct 20, '21, CLE @ MEM",20,1,69,2331,422,830,23,92,167,252,143,570,174,56,115,133,147,1034,0.508,0.25,0.663,33.8,15.0,8.3,2.5,CLE,2021,42,5,6.115942028985507,0.3333333333333333,2.420289855072464,2.072463768115942,6.227536231884059,0.8115942028985508,1.6666666666666667,1.9275362318840579,2.130434782608696
284,73,Moses Moody,"Oct 19, '21, GSW @ LAL",19,1,52,607,80,183,40,110,28,36,17,80,23,7,10,13,43,228,0.437,0.364,0.778,11.7,4.4,1.5,0.4,GSW,2021,42,9,1.5384615384615385,0.7692307692307693,0.5384615384615384,0.3269230769230769,1.1730769230769231,0.1346153846153846,0.19230769230769232,0.25,0.8269230769230769
285,74,Xavier Moon,"Dec 27, '21, LAC vs. BRK",27,1,10,137,25,51,5,14,3,5,2,14,24,7,3,6,9,58,0.49,0.357,0.6,13.7,5.8,1.4,2.4,LAC,2021,42,12,2.5,0.5,0.3,0.2,1.2,0.7,0.3,0.6,0.9
286,75,Ade Murkey,"Dec 22, '21, SAC vs. LAC",24,1,1,1,0,0,0,0,0,0,0,0,0,0,0,0,0,0,0.0,0.0,0.0,1.0,0.0,0.0,0.0,SAC,2021,42,25,0.0,0.0,0.0,0.0,0.0,0.0,0.0,0.0,0.0
287,76,Trey Murphy III,"Oct 20, '21, NOP vs. PHI",21,1,62,864,109,277,71,186,45,51,47,147,38,23,7,16,60,334,0.394,0.382,0.882,13.9,5.4,2.4,0.6,NOP,2021,42,18,1.7580645161290323,1.1451612903225807,0.7258064516129032,0.7580645161290323,1.6419354838709677,0.3709677419354839,0.11290322580645161,0.25806451612903225,0.967741935483871
288,77,RJ Nembhard Jr.,"Oct 22, '21, CLE vs. CHO",22,1,14,63,6,18,0,2,3,4,3,7,12,1,0,3,2,15,0.333,0.0,0.75,4.5,1.1,0.5,0.9,CLE,2021,42,5,0.42857142857142855,0.0,0.21428571428571427,0.21428571428571427,0.2857142857142857,0.07142857142857142,0.0,0.21428571428571427,0.14285714285714285
289,78,Daishen Nix,"Nov 29, '21, HOU vs. OKC",19,1,24,261,27,67,7,26,16,30,7,33,40,15,0,26,21,77,0.403,0.269,0.533,10.9,3.2,1.4,1.7,HOU,2021,42,10,1.125,0.2916666666666667,0.6666666666666666,0.2916666666666667,1.1083333333333332,0.625,0.0,1.0833333333333333,0.875
290,79,Eugene Omoruyi,"Oct 29, '21, DAL @ DEN",24,1,4,18,2,5,1,2,2,4,2,7,2,0,0,0,2,7,0.4,0.5,0.5,4.5,1.8,1.8,0.5,DAL,2021,42,6,0.5,0.25,0.5,0.5,1.3,0.0,0.0,0.0,0.5
291,80,Jaysean Paige,"Jan 1, '22, DET vs. SAS",27,1,1,7,0,3,0,2,0,0,0,1,1,0,0,1,2,0,0.0,0.0,0.0,7.0,0.0,1.0,1.0,DET,2022,43,8,0.0,0.0,0.0,0.0,1.0,0.0,0.0,1.0,2.0
292,81,Trayvon Palmer,"Dec 29, '21, DET vs. NYK",27,1,1,17,0,1,0,0,0,0,0,2,0,0,0,1,2,0,0.0,0.0,0.0,17.0,0.0,2.0,0.0,DET,2021,42,8,0.0,0.0,0.0,0.0,2.0,0.0,0.0,1.0,2.0
293,82,Kevin Pangos,"Oct 22, '21, CLE vs. CHO",29,1,24,166,15,46,6,26,3,4,2,11,30,3,0,7,11,39,0.326,0.231,0.75,6.9,1.6,0.5,1.3,CLE,2021,42,5,0.625,0.25,0.125,0.08333333333333333,0.4166666666666667,0.125,0.0,0.2916666666666667,0.4583333333333333
294,83,Jamorko Pickett,"Oct 23, '21, DET @ CHI",24,1,13,176,18,50,13,39,1,2,6,32,7,0,7,5,12,50,0.36,0.333,0.5,13.5,3.8,2.5,0.5,DET,2021,42,8,1.3846153846153846,1.0,0.07692307692307693,0.46153846153846156,2.0384615384615383,0.0,0.5384615384615384,0.38461538461538464,0.9230769230769231
295,84,Yves Pons,"Nov 12, '21, MEM vs. PHO",22,1,12,71,5,16,3,9,0,2,5,12,1,1,4,1,6,13,0.313,0.333,0.0,5.9,1.1,1.0,0.1,MEM,2021,42,14,0.4166666666666667,0.25,0.0,0.4166666666666667,0.5833333333333333,0.08333333333333333,0.3333333333333333,0.08333333333333333,0.5
296,85,Micah Potter,"Jan 1, '22, DET vs. SAS",23,1,3,31,5,11,0,2,2,2,4,9,0,1,1,1,4,12,0.455,0.0,1.0,10.3,4.0,3.0,0.0,DET,2022,43,8,1.6666666666666667,0.0,0.6666666666666666,1.3333333333333333,1.6666666666666667,0.3333333333333333,0.3333333333333333,0.3333333333333333,1.3333333333333333
297,86,Myles Powell,"Dec 20, '21, PHI @ BOS",24,1,11,52,5,17,1,6,2,2,1,6,3,1,0,3,8,13,0.294,0.167,1.0,4.7,1.2,0.5,0.3,PHI,2021,42,22,0.45454545454545453,0.09090909090909091,0.18181818181818182,0.09090909090909091,0.40909090909090906,0.09090909090909091,0.0,0.2727272727272727,0.7272727272727273
298,87,Joshua Primo,"Oct 20, '21, SAS vs. ORL",19,1,50,965,101,270,42,137,44,59,32,113,81,20,23,57,79,288,0.374,0.307,0.746,19.3,5.8,2.3,1.6,SAS,2021,42,26,2.02,0.84,0.88,0.64,1.6599999999999997,0.4,0.46,1.14,1.58
299,88,Trevelin Queen,"Dec 18, '21, HOU @ DET",24,1,10,74,15,33,9,24,4,4,7,16,4,5,1,7,6,43,0.455,0.375,1.0,7.4,4.3,1.6,0.4,HOU,2021,42,10,1.5,0.9,0.4,0.7,0.9000000000000001,0.5,0.1,0.7,0.6
300,89,Neemias Queta,"Dec 17, '21, SAC vs. MEM",22,1,14,120,17,38,0,0,11,17,14,31,6,1,8,6,18,45,0.447,0.0,0.647,8.6,3.2,2.2,0.4,SAC,2021,42,25,1.2142857142857142,0.0,0.7857142857142857,1.0,1.2000000000000002,0.07142857142857142,0.5714285714285714,0.42857142857142855,1.2857142857142858
301,90,Austin Reaves,"Oct 22, '21, LAL vs. PHO",23,1,61,1418,146,318,53,167,99,118,45,193,110,29,20,40,87,444,0.459,0.317,0.839,23.2,7.3,3.2,1.8,LAL,2021,42,13,2.3934426229508197,0.8688524590163934,1.6229508196721312,0.7377049180327869,2.462295081967213,0.47540983606557374,0.32786885245901637,0.6557377049180327,1.4262295081967213
302,91,Jeremiah Robinson-Earl,"Oct 20, '21, OKC @ UTA",21,1,49,1087,134,324,58,165,40,54,75,274,49,29,15,39,75,366,0.414,0.352,0.741,22.2,7.5,5.6,1.0,OKC,2021,42,20,2.7346938775510203,1.183673469387755,0.8163265306122449,1.530612244897959,4.06938775510204,0.5918367346938775,0.30612244897959184,0.7959183673469388,1.530612244897959
303,92,Matt Ryan,"Apr 10, '22, BOS @ MEM",24,1,1,5,1,5,1,5,0,0,0,0,0,1,0,0,0,3,0.2,0.2,0.0,5.0,3.0,0.0,0.0,BOS,2022,43,1,1.0,1.0,0.0,0.0,0.0,1.0,0.0,0.0,0.0
304,93,Olivier Sarr,"Dec 28, '21, OKC @ SAC",22,1,22,421,58,101,13,29,24,29,34,93,19,6,15,22,52,153,0.574,0.448,0.828,19.1,7.0,4.2,0.9,OKC,2021,42,20,2.6363636363636362,0.5909090909090909,1.0909090909090908,1.5454545454545454,2.6545454545454548,0.2727272727272727,0.6818181818181818,1.0,2.3636363636363638
305,94,Jordan Schakel,"Dec 26, '21, WAS vs. PHI",23,1,4,30,1,11,1,6,2,2,2,8,0,1,0,1,0,5,0.091,0.167,1.0,7.5,1.3,2.0,0.0,WSH,2021,42,29,0.25,0.25,0.5,0.5,1.5,0.25,0.0,0.25,0.0
306,95,Tre Scott,"Dec 22, '21, CLE @ BOS",25,1,2,11,3,6,0,1,0,0,1,2,0,1,1,0,2,6,0.5,0.0,0.0,5.5,3.0,1.0,0.0,CLE,2021,42,5,1.5,0.0,0.0,0.5,0.5,0.5,0.5,0.0,1.0
307,96,Alperen Şengün,"Oct 20, '21, HOU @ MIN",19,1,72,1489,249,525,29,117,165,232,138,393,185,59,68,145,214,692,0.474,0.248,0.711,20.7,9.6,5.5,2.6,HOU,2021,42,10,3.4583333333333335,0.4027777777777778,2.2916666666666665,1.9166666666666667,3.583333333333333,0.8194444444444444,0.9444444444444444,2.013888888888889,2.9722222222222223
308,97,Day'Ron Sharpe,"Oct 24, '21, BRK vs. CHO",20,1,32,391,86,149,2,7,24,41,81,160,17,10,15,30,60,198,0.577,0.286,0.585,12.2,6.2,5.0,0.5,BRK,2021,42,2,2.6875,0.0625,0.75,2.53125,2.46875,0.3125,0.46875,0.9375,1.875
309,98,Marko Simonovic,"Nov 22, '21, CHI vs. IND",22,1,9,35,4,15,1,5,8,11,5,10,0,1,1,2,6,17,0.267,0.2,0.727,3.9,1.9,1.1,0.0,CHI,2021,42,4,0.4444444444444444,0.1111111111111111,0.8888888888888888,0.5555555555555556,0.5444444444444445,0.1111111111111111,0.1111111111111111,0.2222222222222222,0.6666666666666666
310,99,Zavier Simpson,"Apr 5, '22, OKC vs. POR",24,1,4,174,19,52,1,8,5,5,2,21,30,5,4,10,15,44,0.365,0.125,1.0,43.5,11.0,5.3,7.5,OKC,2022,43,20,4.75,0.25,1.25,0.5,4.8,1.25,1.0,2.5,3.75
311,100,Jericho Sims,"Oct 20, '21, NYK vs. BOS",23,1,41,555,39,54,0,0,12,29,61,169,21,11,22,20,66,90,0.722,0.0,0.414,13.5,2.2,4.1,0.5,NYK,2021,42,19,0.9512195121951219,0.0,0.2926829268292683,1.4878048780487805,2.612195121951219,0.2682926829268293,0.5365853658536586,0.4878048780487805,1.6097560975609757
312,101,Javonte Smart,"Dec 4, '21, MIL vs. MIA",22,1,17,200,19,60,8,27,5,6,5,24,16,6,3,11,12,51,0.317,0.296,0.833,11.8,3.0,1.4,0.9,MIL,2021,42,16,1.1176470588235294,0.47058823529411764,0.29411764705882354,0.29411764705882354,1.1058823529411763,0.35294117647058826,0.17647058823529413,0.6470588235294118,0.7058823529411765
313,102,Xavier Sneed,"Dec 31, '21, MEM vs. SAS",24,1,9,39,2,10,1,8,0,0,2,6,1,0,0,0,2,5,0.2,0.125,0.0,4.3,0.6,0.7,0.1,MEM,2021,42,14,0.2222222222222222,0.1111111111111111,0.0,0.2222222222222222,0.47777777777777775,0.0,0.0,0.0,0.2222222222222222
314,103,Jaden Springer,"Oct 20, '21, PHI @ NOP",19,1,2,6,1,1,0,0,0,0,1,2,0,0,2,1,0,2,1.0,0.0,0.0,3.0,1.0,1.0,0.0,PHI,2021,42,22,0.5,0.0,0.0,0.5,0.5,0.0,1.0,0.5,0.0
315,104,Jalen Suggs,"Oct 20, '21, ORL @ SAS",20,1,48,1307,198,548,42,196,126,163,26,171,209,59,19,143,142,564,0.361,0.214,0.773,27.2,11.8,3.6,4.4,ORL,2021,42,21,4.125,0.875,2.625,0.5416666666666666,3.0583333333333336,1.2291666666666667,0.3958333333333333,2.9791666666666665,2.9583333333333335
316,105,Craig Sword,"Dec 28, '21, WAS @ MIA",28,1,3,19,3,4,0,1,0,0,0,0,1,4,0,1,7,6,0.75,0.0,0.0,6.3,2.0,0.0,0.3,WSH,2021,42,29,1.0,0.0,0.0,0.0,0.0,1.3333333333333333,0.0,0.3333333333333333,2.3333333333333335
317,106,Keifer Sykes,"Dec 29, '21, IND vs. CHO",28,1,32,566,69,190,27,90,15,17,8,45,62,12,4,33,51,180,0.363,0.3,0.882,17.7,5.6,1.4,1.9,IND,2021,42,11,2.15625,0.84375,0.46875,0.25,1.15,0.375,0.125,1.03125,1.59375
318,107,Terry Taylor,"Jan 5, '22, IND vs. BRK",22,1,33,714,135,220,12,38,36,51,95,172,41,14,8,23,61,318,0.614,0.316,0.706,21.6,9.6,5.2,1.2,IND,2022,43,11,4.090909090909091,0.36363636363636365,1.0909090909090908,2.878787878787879,2.3212121212121213,0.42424242424242425,0.24242424242424243,0.696969696969697,1.8484848484848484
319,108,Jon Teske,"Jan 3, '22, MEM @ BRK",24,1,3,8,0,1,0,0,0,2,0,2,1,1,0,0,1,0,0.0,0.0,0.0,2.7,0.0,0.7,0.3,MEM,2022,43,14,0.0,0.0,0.0,0.0,0.7,0.3333333333333333,0.0,0.0,0.3333333333333333
320,109,Cam Thomas,"Oct 19, '21, BRK @ MIL",20,1,67,1176,218,503,47,174,87,105,16,161,78,33,8,55,66,570,0.433,0.27,0.829,17.6,8.5,2.4,1.2,BRK,2021,42,2,3.253731343283582,0.7014925373134329,1.2985074626865671,0.23880597014925373,2.1611940298507464,0.4925373134328358,0.11940298507462686,0.8208955223880597,0.9850746268656716
321,110,JT Thor,"Oct 22, '21, CHO @ CLE",19,1,33,262,24,55,7,27,12,20,11,43,19,8,11,10,26,67,0.436,0.259,0.6,7.9,2.0,1.3,0.6,CHH,2021,42,3,0.7272727272727273,0.21212121212121213,0.36363636363636365,0.3333333333333333,0.9666666666666668,0.24242424242424243,0.3333333333333333,0.30303030303030304,0.7878787878787878
322,111,Isaiah Todd,"Oct 25, '21, WAS @ BRK",20,1,12,74,7,26,4,16,2,6,3,12,4,4,2,4,4,20,0.269,0.25,0.333,6.2,1.7,1.0,0.3,WSH,2021,42,29,0.5833333333333334,0.3333333333333333,0.16666666666666666,0.25,0.75,0.3333333333333333,0.16666666666666666,0.3333333333333333,0.3333333333333333
323,112,Franz Wagner,"Oct 20, '21, ORL @ SAS",20,1,79,2429,456,975,96,271,189,219,84,356,231,68,34,119,164,1197,0.468,0.354,0.863,30.7,15.2,4.5,2.9,ORL,2021,42,21,5.772151898734177,1.2151898734177216,2.392405063291139,1.0632911392405062,3.4367088607594938,0.8607594936708861,0.43037974683544306,1.5063291139240507,2.0759493670886076
324,113,Ish Wainright,"Nov 19, '21, PHO vs. DAL",27,1,45,359,41,104,19,59,7,12,27,54,15,20,6,13,49,108,0.394,0.322,0.583,8.0,2.4,1.2,0.3,PHO,2021,42,23,0.9111111111111111,0.4222222222222222,0.15555555555555556,0.6,0.6,0.4444444444444444,0.13333333333333333,0.28888888888888886,1.0888888888888888
325,114,M.J. Walker,"Dec 31, '21, PHO @ BOS",23,1,2,8,0,4,0,2,0,0,0,1,1,2,0,0,1,0,0.0,0.0,0.0,4.0,0.0,0.5,0.5,PHO,2021,42,23,0.0,0.0,0.0,0.0,0.5,1.0,0.0,0.0,0.5
326,115,Duane Washington Jr.,"Oct 29, '21, IND @ BRK",21,1,48,968,173,427,81,215,46,61,4,83,85,26,3,57,66,473,0.405,0.377,0.754,20.2,9.9,1.7,1.8,IND,2021,42,11,3.6041666666666665,1.6875,0.9583333333333334,0.08333333333333333,1.6166666666666667,0.5416666666666666,0.0625,1.1875,1.375
327,116,Lindy Waters III,"Feb 11, '22, OKC @ PHI",24,1,25,465,71,175,53,146,4,5,6,73,24,19,8,11,31,199,0.406,0.363,0.8,18.6,8.0,2.9,1.0,OKC,2022,43,20,2.84,2.12,0.16,0.24,2.66,0.76,0.32,0.44,1.24
328,117,Trendon Watford,"Nov 14, '21, POR @ DEN",21,1,48,869,142,267,9,38,71,94,57,199,81,25,28,44,116,364,0.532,0.237,0.755,18.1,7.6,4.1,1.7,POR,2021,42,24,2.9583333333333335,0.1875,1.4791666666666667,1.1875,2.9124999999999996,0.5208333333333334,0.5833333333333334,0.9166666666666666,2.4166666666666665
329,118,Joe Wieskamp,"Nov 10, '21, SAS vs. SAC",22,1,29,205,20,56,14,43,7,13,4,14,9,4,3,2,14,61,0.357,0.326,0.538,7.1,2.1,0.5,0.3,SAS,2021,42,26,0.6896551724137931,0.4827586206896552,0.2413793103448276,0.13793103448275862,0.3620689655172414,0.13793103448275862,0.10344827586206896,0.06896551724137931,0.4827586206896552
330,119,Aaron Wiggins,"Nov 14, '21, OKC vs. BRK",23,1,50,1209,156,337,42,138,62,85,51,178,68,30,10,54,93,416,0.463,0.304,0.729,24.2,8.3,3.6,1.4,OKC,2021,42,20,3.12,0.84,1.24,1.02,2.58,0.6,0.2,1.08,1.86
331,120,Lindell Wigginton,"Jan 13, '22, MIL vs. GSW",23,1,19,199,26,61,9,26,19,35,3,25,23,5,1,12,17,80,0.426,0.346,0.543,10.5,4.2,1.3,1.2,MIL,2022,43,16,1.368421052631579,0.47368421052631576,1.0,0.15789473684210525,1.1421052631578947,0.2631578947368421,0.05263157894736842,0.631578947368421,0.8947368421052632
332,121,Brandon Williams,"Dec 27, '21, POR vs. DAL",22,1,24,640,105,282,31,106,68,97,19,74,94,24,10,58,52,309,0.372,0.292,0.701,26.7,12.9,3.1,3.9,POR,2021,42,24,4.375,1.2916666666666667,2.8333333333333335,0.7916666666666666,2.3083333333333336,1.0,0.4166666666666667,2.4166666666666665,2.1666666666666665
333,122,Ziaire Williams,"Oct 20, '21, MEM vs. CLE",20,1,62,1346,191,424,76,242,43,55,26,129,65,35,12,41,113,501,0.45,0.314,0.782,21.7,8.1,2.1,1.0,MEM,2021,42,14,3.0806451612903225,1.2258064516129032,0.6935483870967742,0.41935483870967744,1.6806451612903226,0.5645161290322581,0.1935483870967742,0.6612903225806451,1.8225806451612903
334,123,McKinley Wright IV,"Oct 20, '21, MIN vs. HOU",23,1,5,19,2,3,1,2,0,0,0,0,3,0,0,1,1,5,0.667,0.5,0.0,3.8,1.0,0.0,0.6,MIN,2021,42,17,0.4,0.2,0.0,0.0,0.0,0.0,0.0,0.2,0.2
335,124,Moses Wright,"Dec 22, '21, LAC @ SAC",23,1,4,14,1,4,0,1,3,3,1,3,2,0,1,0,0,5,0.25,0.0,1.0,3.5,1.3,0.8,0.5,LAC,2021,42,12,0.25,0.0,0.75,0.25,0.55,0.0,0.25,0.0,0.0
336,125,Gabe York,"Apr 9, '22, IND @ PHI",28,1,2,21,2,7,1,6,3,5,0,2,4,2,1,1,4,8,0.286,0.167,0.6,10.5,4.0,1.0,2.0,IND,2022,43,11,1.0,0.5,1.5,0.0,1.0,1.0,0.5,0.5,2.0
337,126,Omer Yurtseven,"Oct 21, '21, MIA vs. MIL",23,1,56,706,130,247,1,11,38,61,85,294,49,17,20,41,84,299,0.526,0.091,0.623,12.6,5.3,5.3,0.9,MIA,2021,42,15,2.3214285714285716,0.017857142857142856,0.6785714285714286,1.5178571428571428,3.782142857142857,0.30357142857142855,0.35714285714285715,0.7321428571428571,1.5
